,HVPI,IP_Verarbeitendes_Gew,IP_Nahrungs_Genuss,IP_Textil_Leder,IP_Holz_Papier_Druck,IP_Mineraloel,IP_Chemie,IP_Pharma,IP_Metall_Grundstoffe,IP_Metallerzeugnisse,IP_DV_Elektronik,IP_Elektrisch,IP_Maschinenbau,IP_Kfz,IP_Sonstiger_Fahrzeug,IP_Energie,BS_Konjunkturklima,BS_Produktionserwart,BS_Produktionstendenz,BS_Absatzpreise,BS_Auftragsbestand,PPI_Gesamt,PPI_Konsumgueter,PPI_Vorleistungen,ALQ_Gesamt,ALQ_Maenner,ALQ_Frauen,ALQ_Kern_Ges,ALQ_Kern_M,ALQ_Kern_F,LCI_Lohnkosten_BN,LCI_Loehne_BN,LCI_Lohnkosten_Ind,LCI_Loehne_Ind
2000-01-01,78.5,68.8,83.3,198.1,88.7,104.5,91.4,51.0,88.1,66.9,40.0,70.9,60.0,58.2,49.5,117.6,-5.1,-6.1,1.2,8.3,-16.6,77.9,80.9,82.6,8.2,7.8,8.6,8.1,7.6,8.8,58.7,56.9,58.2,56.9
2000-02-01,78.6,77.2,87.0,211.4,96.4,97.1,94.0,55.7,95.9,74.4,45.9,81.9,70.4,71.9,53.4,108.4,-3.1,-5.5,12.4,6.9,-13.3,78.0,81.0,82.9,8.1,7.8,8.6,8.0,7.5,8.7,62.46666666666667,60.93333333333333,62.36666666666667,61.36666666666667
2000-03-01,78.6,86.1,96.9,215.7,105.0,103.4,99.2,59.4,106.2,82.6,52.5,90.3,83.5,79.1,58.7,110.0,-1.5,-3.9,10.0,5.4,-8.7,78.1,81.0,83.3,8.1,7.7,8.5,8.0,7.5,8.6,66.23333333333333,64.96666666666667,66.53333333333333,65.83333333333333
2000-04-01,78.6,74.0,89.5,160.5,93.0,101.2,92.8,50.4,89.2,71.0,43.6,72.9,70.3,65.4,50.7,96.4,-1.2,-2.8,-0.7,3.2,-10.1,78.3,81.2,83.9,8.0,7.7,8.5,7.9,7.4,8.6,70.0,69.0,70.7,70.3
2000-05-01,78.4,85.9,100.2,196.0,105.3,103.9,102.3,60.4,103.9,83.4,50.2,88.4,80.8,79.8,56.6,92.4,0.1,-2.7,14.0,4.1,-6.9,78.7,81.6,84.2,8.0,7.7,8.4,7.9,7.4,8.5,67.16666666666667,66.06666666666666,67.83333333333334,67.3
2000-06-01,78.9,79.0,93.5,182.9,97.3,93.2,96.3,52.9,93.3,75.3,50.4,78.8,79.1,68.8,51.3,85.3,-0.5,-2.1,-1.5,5.3,-6.3,79.0,81.7,84.3,8.0,7.7,8.3,7.9,7.4,8.4,64.33333333333333,63.13333333333333,64.96666666666667,64.3
2000-07-01,79.2,78.1,92.0,198.2,95.8,105.8,95.4,56.4,90.7,76.0,49.6,79.7,74.6,68.0,50.3,91.6,0.4,-1.3,3.7,5.3,-5.7,79.5,81.9,84.6,7.9,7.6,8.3,7.8,7.4,8.4,61.5,60.2,62.1,61.3
2000-08-01,79.0,76.9,97.5,193.5,98.2,111.4,94.8,59.6,93.6,76.5,49.3,77.8,71.9,58.8,48.8,88.8,1.7,-1.0,3.2,4.2,-3.2,79.6,82.0,84.8,7.9,7.6,8.2,7.8,7.4,8.3,64.3,62.86666666666667,64.96666666666667,63.96666666666666
2000-09-01,79.2,85.2,95.3,213.6,106.0,99.4,93.2,60.6,99.0,82.7,58.3,92.2,86.2,71.6,52.5,93.2,0.6,0.3,8.1,3.4,-3.3,80.4,82.1,85.2,7.9,7.6,8.2,7.8,7.4,8.3,67.10000000000001,65.53333333333333,67.83333333333334,66.63333333333333
2000-10-01,79.1,84.6,102.4,196.5,107.5,104.6,98.2,58.3,99.1,82.2,56.5,88.5,79.0,73.4,53.7,101.7,1.5,1.4,4.2,3.0,-2.4,80.7,82.1,85.4,7.8,7.6,8.1,7.7,7.4,8.2,69.9,68.2,70.7,69.3
2000-11-01,79.1,89.0,105.9,196.8,110.0,101.3,98.2,62.8,105.0,86.5,60.8,93.8,85.5,80.6,58.2,107.2,0.5,0.8,5.4,4.6,-1.7,81.0,82.3,85.4,7.8,7.6,8.0,7.7,7.3,8.2,66.9,65.13333333333334,67.4,65.96666666666667
2000-12-01,80.0,78.3,92.8,159.4,94.0,103.9,85.4,47.0,77.4,71.8,56.6,86.4,92.5,64.0,50.5,110.0,-0.7,0.6,-2.3,5.4,-3.8,80.6,82.6,85.5,7.7,7.5,8.0,7.7,7.3,8.1,63.9,62.06666666666667,64.1,62.63333333333333
2001-01-01,79.5,77.7,88.6,204.1,93.2,105.0,97.1,59.2,102.9,76.9,50.8,84.3,68.2,72.4,53.4,115.0,-1.4,-2.5,5.5,5.7,-4.8,81.4,83.0,85.5,7.7,7.5,7.9,7.6,7.3,8.1,60.9,59.0,60.8,59.3
2001-02-01,80.0,78.4,85.3,206.5,91.0,91.5,90.5,57.8,98.4,76.2,52.3,85.9,73.6,75.9,53.9,100.8,-4.7,-4.9,-1.1,8.2,-6.4,81.6,83.2,85.5,7.7,7.5,7.9,7.6,7.3,8.0,64.6,62.93333333333333,64.86666666666666,63.6
2001-03-01,80.0,88.3,94.9,220.4,101.7,99.6,99.5,59.6,107.7,86.2,59.8,95.3,87.1,84.4,59.3,104.9,-7.4,-6.2,0.4,10.8,-9.8,81.9,83.9,85.5,7.6,7.5,7.8,7.6,7.3,8.0,68.3,66.86666666666666,68.93333333333334,67.9
2001-04-01,80.3,77.7,89.8,164.0,89.8,96.2,93.7,57.0,96.4,76.1,49.9,79.0,75.4,71.6,54.0,98.0,-11.6,-9.2,-13.3,11.0,-16.4,82.2,84.1,85.5,7.6,7.5,7.8,7.6,7.3,8.0,72.0,70.8,73.0,72.2
2001-05-01,80.7,83.3,97.3,175.4,97.2,101.3,95.1,60.1,101.4,82.8,51.5,87.8,80.6,77.4,56.9,92.6,-12.7,-10.3,-3.3,12.7,-16.4,82.3,84.5,85.4,7.7,7.6,7.8,7.6,7.4,8.0,69.06666666666666,67.8,69.9,69.03333333333333
2001-06-01,80.8,81.3,91.1,179.4,94.0,99.0,92.5,59.7,96.9,80.8,51.2,86.2,82.8,72.7,55.9,83.5,-15.6,-13.3,-14.8,15.2,-21.1,82.4,84.6,85.3,7.7,7.6,7.8,7.7,7.4,8.0,66.13333333333334,64.8,66.8,65.86666666666667
2001-07-01,80.9,79.6,93.9,193.9,92.5,105.7,93.5,64.9,93.3,79.5,49.7,85.1,78.2,68.0,54.8,88.3,-13.8,-16.3,-13.7,14.1,-21.2,82.0,84.5,84.8,7.8,7.7,7.9,7.7,7.5,8.0,63.2,61.8,63.7,62.7
2001-08-01,80.7,76.9,97.9,185.5,94.6,104.2,89.0,62.3,91.3,77.4,47.1,80.8,72.4,63.1,54.3,87.8,-16.2,-17.0,-12.4,15.7,-23.9,81.9,84.5,84.7,7.8,7.8,7.9,7.8,7.5,8.1,65.96666666666667,64.53333333333333,66.60000000000001,65.5
2001-09-01,80.6,81.1,91.8,183.5,97.8,92.4,86.2,57.4,97.0,79.1,48.7,88.6,82.6,72.5,55.4,90.7,-20.6,-20.3,-15.4,16.4,-28.0,82.0,84.5,84.6,7.9,7.9,7.9,7.8,7.6,8.1,68.73333333333333,67.26666666666667,69.5,68.3
2001-10-01,80.4,84.8,104.1,177.6,106.3,94.2,93.0,63.6,100.3,84.6,49.6,89.2,79.6,78.5,60.4,98.7,-23.4,-21.8,-16.1,18.0,-32.7,81.3,84.6,84.5,8.0,8.0,8.0,7.9,7.7,8.1,71.5,70.0,72.4,71.1
2001-11-01,80.2,84.7,102.5,178.0,102.7,99.6,89.6,62.3,95.2,83.6,53.3,93.2,81.7,77.4,63.7,107.3,-23.3,-20.5,-19.9,18.7,-33.8,81.0,84.4,84.3,8.0,8.0,8.0,7.9,7.7,8.2,68.76666666666667,67.06666666666666,69.36666666666667,67.89999999999999
2001-12-01,81.1,70.7,88.1,136.0,86.7,106.4,74.1,44.6,69.8,64.2,45.4,74.1,87.2,55.7,51.9,112.4,-19.5,-21.1,-17.9,16.5,-33.9,80.7,84.3,84.1,8.1,8.1,8.0,8.0,7.8,8.2,66.03333333333333,64.13333333333334,66.33333333333333,64.7
2002-01-01,81.1,74.7,90.4,187.9,90.3,99.0,94.4,60.5,94.7,74.3,43.9,79.3,66.7,68.9,57.6,114.7,-21.7,-24.2,-25.2,17.4,-34.1,81.3,85.0,84.1,8.1,8.2,8.1,8.0,7.8,8.2,63.3,61.2,63.3,61.5
2002-02-01,81.4,74.6,84.8,190.7,88.1,91.7,92.7,58.0,95.7,72.4,44.4,78.5,69.3,69.6,58.4,99.4,-19.0,-22.1,-23.1,15.2,-33.7,81.3,84.8,83.8,8.2,8.2,8.1,8.1,7.9,8.3,66.5,64.66666666666667,66.73333333333333,65.23333333333333
2002-03-01,81.5,79.9,91.5,171.1,92.7,101.4,100.6,60.0,97.8,76.9,48.4,82.2,77.3,74.6,59.7,102.6,-16.5,-22.6,-16.6,15.9,-34.6,81.6,84.7,84.1,8.2,8.3,8.2,8.1,7.9,8.3,69.7,68.13333333333333,70.16666666666666,68.96666666666667
2002-04-01,81.5,82.1,93.8,158.7,97.5,100.2,98.2,62.7,102.5,81.3,47.9,82.9,79.4,77.9,61.8,99.2,-16.0,-19.6,-10.0,15.5,-34.6,81.4,84.9,84.2,8.3,8.4,8.2,8.2,8.0,8.3,72.9,71.6,73.6,72.7
2002-05-01,81.6,75.9,92.7,145.2,90.6,97.7,97.0,58.8,95.4,73.9,44.1,74.6,71.4,69.2,57.3,93.2,-14.6,-20.3,-8.3,14.9,-31.3,81.4,84.9,84.2,8.4,8.5,8.3,8.2,8.1,8.4,70.16666666666667,68.8,70.76666666666667,69.76666666666667
2002-06-01,81.5,82.2,91.1,166.6,94.3,96.3,95.3,62.2,100.4,81.6,47.4,85.9,83.5,78.9,59.8,85.7,-14.9,-19.1,-9.7,14.9,-32.6,81.4,84.7,84.5,8.5,8.6,8.4,8.3,8.2,8.5,67.43333333333334,66.0,67.93333333333332,66.83333333333333
2002-07-01,81.8,82.4,97.2,182.2,94.5,102.8,99.7,65.0,100.8,83.1,47.8,86.2,80.9,73.4,60.0,89.4,-15.1,-18.2,-5.1,13.7,-32.1,81.2,84.6,84.6,8.6,8.8,8.4,8.5,8.4,8.6,64.7,63.2,65.1,63.9
2002-08-01,81.6,74.2,94.0,159.3,89.0,103.6,93.7,59.4,90.1,73.5,44.5,77.7,67.0,63.7,54.7,87.7,-16.3,-18.7,-6.6,13.9,-33.6,81.1,84.7,84.6,8.7,8.9,8.5,8.6,8.5,8.6,67.53333333333333,66.03333333333333,67.96666666666667,66.8
2002-09-01,81.5,83.7,95.8,175.6,98.5,98.4,95.1,60.2,101.0,82.9,48.8,91.2,82.1,78.2,62.2,91.6,-16.8,-18.8,-15.0,15.5,-33.7,81.2,84.6,84.6,8.9,9.0,8.6,8.7,8.7,8.7,70.36666666666667,68.86666666666667,70.83333333333333,69.69999999999999
2002-10-01,81.4,85.2,105.6,160.8,103.3,96.0,97.8,63.9,103.3,83.6,51.8,90.9,78.3,79.5,63.6,104.5,-16.0,-20.4,-9.3,14.2,-31.8,81.4,84.7,84.6,9.0,9.2,8.7,8.8,8.8,8.8,73.2,71.7,73.7,72.6
2002-11-01,81.1,84.7,102.0,161.1,101.4,96.7,94.4,63.1,99.0,82.3,52.3,91.3,80.7,82.2,63.9,104.8,-15.4,-20.6,-4.5,13.7,-29.5,81.2,84.7,84.5,9.1,9.3,8.8,8.9,8.9,9.0,70.5,68.8,70.66666666666667,69.39999999999999
2002-12-01,82.0,73.0,90.1,127.2,84.9,99.2,81.2,49.7,75.5,70.1,46.0,76.4,87.5,60.5,56.4,110.1,-16.9,-22.3,-7.3,14.0,-30.8,81.4,84.7,84.6,9.2,9.5,8.9,9.1,9.1,9.1,67.8,65.9,67.63333333333333,66.2
2003-01-01,82.0,75.0,89.3,160.1,90.1,97.1,96.2,64.6,97.0,73.5,45.3,78.5,65.5,72.2,60.3,116.8,-17.8,-22.2,-9.9,15.1,-31.5,82.4,85.0,84.7,9.4,9.7,9.0,9.2,9.2,9.2,65.1,63.0,64.6,63.0
2003-02-01,82.4,76.7,85.0,172.9,87.7,91.0,92.3,58.8,95.3,74.0,45.4,81.1,72.8,77.9,63.8,109.5,-16.1,-20.0,-6.8,13.8,-28.4,82.8,85.1,84.9,9.5,9.8,9.1,9.3,9.3,9.3,68.76666666666667,66.8,68.63333333333333,67.2
2003-03-01,82.5,82.3,90.6,162.8,93.8,100.3,103.2,62.5,101.4,78.9,50.2,84.7,78.9,80.6,66.2,112.7,-17.7,-21.0,-10.5,14.2,-31.2,83.0,85.0,85.1,9.6,9.9,9.2,9.4,9.5,9.4,72.43333333333332,70.60000000000001,72.66666666666667,71.39999999999999
2003-04-01,82.3,79.5,94.4,142.1,92.4,101.0,98.3,64.2,97.8,77.0,46.6,80.7,74.4,76.2,63.4,102.6,-18.1,-19.3,-9.4,15.1,-32.9,82.8,85.0,85.1,9.7,10.0,9.3,9.5,9.6,9.4,76.1,74.4,76.7,75.6
2003-05-01,82.1,78.3,92.2,137.9,90.3,96.5,97.6,61.6,97.0,75.4,44.4,79.9,73.6,75.4,62.6,96.8,-18.8,-23.1,-12.3,15.9,-31.9,82.6,85.0,85.0,9.7,10.1,9.3,9.5,9.6,9.4,72.8,71.06666666666668,73.33333333333333,72.13333333333333
2003-06-01,82.3,78.0,92.0,148.2,90.4,95.0,94.0,59.6,89.6,79.9,46.1,80.7,77.4,70.3,62.5,91.1,-18.6,-22.7,-10.2,15.1,-33.3,82.5,85.0,84.7,9.8,10.1,9.4,9.5,9.6,9.5,69.5,67.73333333333333,69.96666666666667,68.66666666666667
2003-07-01,82.5,83.7,98.3,177.1,95.5,91.4,97.7,68.6,99.0,84.6,49.8,86.9,79.8,78.4,64.9,93.6,-19.4,-21.9,-15.0,15.3,-34.3,82.6,85.1,84.5,9.8,10.1,9.4,9.5,9.6,9.5,66.2,64.4,66.6,65.2
2003-08-01,82.5,69.6,90.3,140.1,84.5,100.8,88.3,61.9,81.1,70.0,44.6,71.5,65.6,52.9,57.3,90.1,-16.0,-18.9,-1.3,15.5,-31.3,82.7,85.0,84.2,9.8,10.0,9.4,9.5,9.6,9.5,68.86666666666667,67.10000000000001,69.26666666666667,67.86666666666667
2003-09-01,82.4,84.7,95.3,167.4,102.2,101.3,89.8,63.3,98.0,84.4,53.8,91.7,82.9,79.1,63.7,92.5,-13.9,-18.4,-11.1,15.5,-31.6,82.8,85.3,84.4,9.8,10.0,9.5,9.5,9.5,9.5,71.53333333333333,69.8,71.93333333333332,70.53333333333333
2003-10-01,82.4,86.5,104.6,146.8,104.8,102.0,95.6,69.0,103.4,87.3,56.8,91.0,78.4,80.0,67.6,103.8,-12.5,-18.0,-3.4,14.5,-29.6,82.7,85.3,84.3,9.8,10.0,9.5,9.5,9.5,9.5,74.2,72.5,74.6,73.2
2003-11-01,82.2,84.5,98.3,148.8,97.7,101.8,92.2,63.2,95.8,83.2,55.4,89.1,80.3,84.1,66.3,105.9,-10.5,-17.2,2.5,12.8,-25.8,82.7,85.3,84.4,9.8,9.9,9.5,9.5,9.5,9.5,71.46666666666667,69.66666666666667,71.53333333333333,70.03333333333333
2003-12-01,82.9,76.9,92.1,124.4,88.7,98.7,84.3,57.8,78.4,70.1,52.3,80.3,90.2,67.3,59.3,110.6,-11.5,-19.3,-2.5,13.3,-27.2,82.7,85.0,84.5,9.8,9.9,9.6,9.5,9.4,9.6,68.73333333333333,66.83333333333333,68.46666666666667,66.86666666666667
2004-01-01,82.9,73.7,88.4,148.1,89.7,102.1,94.4,60.1,97.3,73.0,47.7,78.7,64.4,65.9,59.6,122.1,-9.6,-18.0,3.2,11.9,-25.6,82.6,85.1,84.6,9.8,9.9,9.6,9.5,9.4,9.6,66.0,64.0,65.4,63.7
2004-02-01,83.1,77.4,86.4,156.7,89.4,101.9,96.6,59.0,97.1,76.1,48.9,83.3,70.2,75.9,59.8,112.3,-9.1,-18.0,-0.4,11.9,-26.0,82.6,85.2,85.0,10.1,10.5,9.7,9.7,9.8,9.7,69.53333333333333,67.7,69.4,67.9
2004-03-01,83.4,90.4,97.4,169.5,103.1,102.8,103.2,67.2,110.4,89.8,59.0,94.7,88.7,90.1,68.0,116.4,-9.5,-18.2,-3.3,10.4,-26.6,83.1,86.0,85.6,10.3,10.4,10.0,9.7,9.7,9.7,73.06666666666666,71.39999999999999,73.4,72.1
2004-04-01,83.7,82.3,93.6,137.5,94.4,105.1,101.2,63.3,99.0,81.5,50.7,84.6,79.0,79.5,60.8,102.3,-7.4,-16.5,6.6,8.6,-21.2,83.6,86.0,86.4,10.3,10.4,10.1,9.7,9.7,9.8,76.6,75.1,77.4,76.3
2004-05-01,83.9,79.5,89.6,132.9,90.1,113.7,94.8,61.1,97.6,78.4,50.3,82.1,76.5,77.2,58.6,96.1,-7.4,-15.7,2.7,8.6,-20.1,83.9,85.8,86.8,10.3,10.4,10.1,9.8,9.7,9.8,73.26666666666667,71.66666666666666,73.83333333333334,72.66666666666667
2004-06-01,83.9,88.0,95.7,159.3,99.4,111.3,97.7,64.8,108.5,86.9,56.2,92.5,87.7,86.8,63.9,90.8,-8.2,-15.2,-0.5,11.1,-19.1,83.8,86.1,86.7,10.3,10.4,10.1,9.8,9.7,9.8,69.93333333333332,68.23333333333333,70.26666666666667,69.03333333333333
2004-07-01,84.1,84.2,95.6,160.2,95.1,112.6,96.1,66.6,100.4,84.1,56.2,88.7,83.1,76.5,61.5,91.9,-6.3,-14.7,6.7,8.7,-15.4,84.3,86.2,87.3,10.3,10.5,10.1,9.8,9.8,9.8,66.6,64.8,66.7,65.4
2004-08-01,84.3,76.6,94.0,141.6,90.7,112.5,97.5,62.3,89.3,75.9,52.6,79.5,72.3,63.0,58.8,90.6,-5.6,-13.7,3.0,7.9,-15.1,84.6,86.1,87.7,10.4,10.6,10.1,9.9,9.9,9.8,69.0,67.3,69.13333333333334,67.86666666666667
2004-09-01,84.0,89.3,97.3,163.3,103.2,108.0,99.4,65.0,103.4,86.9,60.6,95.5,90.3,85.6,65.3,97.1,-5.3,-11.8,-1.0,9.0,-13.9,84.6,86.2,87.9,10.4,10.7,10.2,9.9,10.0,9.8,71.39999999999999,69.8,71.56666666666666,70.33333333333333
2004-10-01,84.2,87.1,101.8,138.1,102.3,112.3,100.1,64.2,100.1,85.1,60.4,89.9,81.6,86.1,65.1,105.6,-5.2,-12.4,1.3,9.5,-12.9,85.5,86.2,88.7,10.5,10.8,10.2,10.0,10.2,9.8,73.8,72.3,74.0,72.8
2004-11-01,83.8,88.9,103.7,148.1,103.5,105.7,101.4,68.8,102.0,87.5,63.1,94.5,84.2,85.7,67.8,114.5,-6.0,-12.6,-5.1,9.4,-13.0,85.1,86.2,88.8,10.6,10.9,10.2,10.1,10.3,9.8,71.56666666666666,70.03333333333333,71.6,70.39999999999999
2004-12-01,84.8,81.2,98.3,122.3,93.2,111.3,94.4,61.1,83.0,74.8,58.5,86.1,95.3,68.0,62.7,121.7,-5.5,-15.6,1.3,10.0,-10.6,85.2,87.0,88.8,10.7,11.0,10.3,10.2,10.4,9.8,69.33333333333333,67.76666666666667,69.2,68.0
2005-01-01,84.3,76.6,87.1,146.7,90.3,115.6,101.6,65.3,101.9,74.3,52.5,82.2,66.4,71.8,62.1,115.8,-5.6,-16.0,1.9,8.8,-11.1,85.9,86.9,89.2,10.7,11.1,10.3,10.2,10.5,9.9,67.1,65.5,66.8,65.6
2005-02-01,84.6,78.6,86.2,151.2,89.1,101.6,97.5,68.2,98.0,75.8,54.4,84.6,73.4,76.7,61.3,112.5,-7.4,-16.3,-3.4,10.6,-15.0,86.2,86.9,89.7,10.9,11.2,10.5,10.3,10.6,9.9,70.1,68.63333333333334,69.93333333333334,68.93333333333332
2005-03-01,84.9,87.6,95.7,149.9,96.9,111.4,106.4,71.0,105.0,85.1,61.6,90.2,89.9,85.1,66.6,115.5,-10.1,-18.9,-8.3,13.3,-17.9,86.6,87.0,89.7,10.9,11.2,10.6,10.4,10.7,10.0,73.1,71.76666666666667,73.06666666666666,72.26666666666667
2005-04-01,84.9,87.6,97.8,135.1,98.5,103.9,103.2,69.2,103.6,84.4,60.5,91.5,84.1,89.3,67.9,105.4,-10.5,-18.4,-4.1,12.5,-19.7,87.1,86.8,89.6,11.2,11.5,10.8,10.6,10.8,10.3,76.1,74.9,76.2,75.6
2005-05-01,85.2,81.2,96.7,125.5,92.7,116.1,100.2,66.3,95.6,78.0,56.3,82.3,78.2,75.5,62.1,96.8,-10.7,-17.1,-3.9,13.0,-19.0,87.2,86.8,89.3,11.2,11.5,10.8,10.6,10.9,10.3,73.13333333333333,72.03333333333333,73.26666666666667,72.73333333333333
2005-06-01,85.3,93.4,101.9,146.2,103.1,109.9,101.2,74.0,104.8,90.4,67.5,98.6,96.7,91.3,68.6,93.6,-11.1,-15.2,-7.5,13.7,-20.7,87.6,86.9,89.3,11.2,11.6,10.9,10.7,10.9,10.4,70.16666666666667,69.16666666666667,70.33333333333334,69.86666666666666
2005-07-01,85.7,84.3,96.8,142.4,96.4,111.8,97.9,72.5,97.4,80.7,60.5,88.4,82.7,79.7,60.1,95.7,-8.9,-14.6,2.9,11.2,-18.6,88.1,86.8,89.0,11.2,11.5,10.9,10.7,10.9,10.4,67.2,66.3,67.4,67.0
2005-08-01,85.9,80.3,100.2,139.4,98.2,119.2,101.1,72.4,91.6,79.4,61.1,84.9,76.0,63.7,57.9,91.6,-8.0,-13.7,-4.6,10.8,-18.2,88.3,86.8,89.0,11.2,11.5,10.8,10.6,10.9,10.4,69.8,68.93333333333334,70.16666666666667,69.83333333333333
2005-09-01,86.2,93.8,102.7,149.6,106.6,111.6,101.4,75.2,104.7,89.4,70.7,98.9,93.4,92.3,65.9,94.5,-6.3,-11.0,0.2,10.0,-14.3,88.6,87.4,89.1,11.1,11.4,10.8,10.6,10.8,10.4,72.4,71.56666666666666,72.93333333333334,72.66666666666667
2005-10-01,86.2,88.6,105.6,128.1,103.8,116.2,102.7,76.5,102.5,84.8,68.5,92.5,81.8,84.7,64.9,103.4,-4.2,-10.1,4.3,9.3,-11.3,89.2,87.5,89.6,11.0,11.2,10.7,10.5,10.6,10.3,75.0,74.2,75.7,75.5
2005-11-01,85.7,94.7,109.7,138.7,109.0,112.1,101.8,76.4,101.8,91.4,75.4,101.6,91.5,93.1,71.7,112.7,-5.1,-11.9,1.2,8.8,-11.9,89.1,87.6,89.8,10.9,11.0,10.7,10.4,10.4,10.3,72.26666666666667,71.23333333333333,72.73333333333333,72.03333333333333
2005-12-01,86.6,86.0,102.0,115.4,97.3,114.5,93.9,65.4,86.3,78.9,72.6,87.8,104.1,69.1,64.3,121.5,-3.8,-11.3,9.0,9.3,-9.1,89.3,87.7,89.9,10.7,10.8,10.6,10.2,10.3,10.2,69.53333333333333,68.26666666666667,69.76666666666667,68.56666666666666
2006-01-01,86.1,82.4,91.6,136.5,96.4,110.1,104.2,75.9,101.1,80.0,69.1,90.8,74.0,75.8,67.5,131.3,-1.3,-11.2,4.9,7.4,-6.8,90.6,87.6,90.2,10.6,10.7,10.5,10.2,10.2,10.1,66.8,65.3,66.8,65.1
2006-02-01,86.4,83.5,88.9,138.3,92.9,102.0,100.6,72.3,102.0,79.9,66.0,88.8,78.9,83.0,68.8,115.9,0.1,-10.0,7.6,6.4,-4.1,91.2,87.7,90.6,10.5,10.7,10.4,10.1,10.1,10.0,70.73333333333333,69.6,71.26666666666667,69.96666666666667
2006-03-01,86.5,97.6,102.7,146.4,107.8,105.5,110.5,77.4,116.2,94.0,79.2,104.2,98.4,97.7,76.6,122.9,0.9,-8.2,7.9,6.8,-2.7,91.6,87.9,90.8,10.5,10.6,10.3,10.0,10.1,9.9,74.66666666666666,73.9,75.73333333333333,74.83333333333333
2006-04-01,86.8,83.3,94.1,114.4,94.8,108.9,98.6,69.5,103.1,80.8,64.6,87.8,80.6,76.5,66.4,104.1,4.1,-8.5,14.2,3.5,2.7,92.4,87.9,91.7,10.3,10.5,10.2,9.9,9.9,9.8,78.6,78.2,80.2,79.7
2006-05-01,87.0,93.4,104.2,128.6,103.8,117.8,112.2,73.4,111.2,89.7,70.9,97.7,92.8,89.3,70.9,96.1,4.0,-7.1,5.3,4.1,2.6,92.6,87.9,92.7,10.2,10.3,10.1,9.8,9.8,9.7,75.36666666666666,74.8,76.83333333333333,76.2
2006-06-01,87.1,92.8,100.9,129.5,101.8,112.9,102.4,71.2,109.2,90.4,75.5,98.8,95.1,86.9,69.9,94.8,5.2,-5.4,16.4,0.8,6.6,92.7,88.1,92.6,10.1,10.2,10.0,9.6,9.6,9.6,72.13333333333334,71.4,73.46666666666667,72.7
2006-07-01,87.5,89.1,97.7,134.1,98.2,115.7,104.1,75.2,105.6,87.2,70.9,93.1,88.4,83.6,67.9,97.0,5.8,-5.0,10.8,1.7,8.3,93.2,88.1,93.6,10.0,10.1,9.9,9.5,9.5,9.5,68.9,68.0,70.1,69.2
2006-08-01,87.4,87.9,102.7,129.4,103.2,117.1,105.1,74.4,104.6,87.2,73.9,100.6,86.6,65.0,64.3,94.1,6.0,-3.2,9.0,1.3,7.8,93.4,88.3,93.8,9.9,10.0,9.8,9.4,9.4,9.5,71.4,70.56666666666666,72.73333333333333,71.86666666666667
2006-09-01,87.0,96.6,100.8,142.3,108.4,106.5,107.7,74.1,112.1,93.9,80.1,101.9,97.4,90.1,72.2,94.1,8.5,0.1,14.0,1.0,11.7,93.0,88.3,94.0,9.8,9.9,9.7,9.4,9.3,9.4,73.9,73.13333333333334,75.36666666666666,74.53333333333333
2006-10-01,87.1,95.7,106.2,130.8,111.7,109.8,103.7,78.4,113.6,95.1,81.1,104.3,93.4,86.0,73.7,102.7,10.3,0.9,12.8,-0.9,14.9,93.1,88.7,94.8,9.7,9.8,9.7,9.3,9.2,9.3,76.4,75.7,78.0,77.2
2006-11-01,87.0,101.7,110.0,134.7,113.5,115.7,103.1,83.3,115.0,100.3,88.1,111.7,103.3,94.7,80.9,109.6,11.6,1.9,14.7,-0.3,16.1,93.0,88.5,94.8,9.6,9.6,9.6,9.1,9.1,9.2,73.33333333333334,72.56666666666666,74.3,73.53333333333333
2006-12-01,87.8,88.6,99.9,105.4,99.4,114.3,101.7,67.5,94.9,82.5,80.5,91.3,105.7,68.6,67.8,114.3,11.3,2.5,20.4,-1.6,19.2,93.0,88.7,94.9,9.4,9.4,9.4,9.0,8.9,9.1,70.26666666666667,69.43333333333334,70.60000000000001,69.86666666666667
2007-01-01,87.6,90.3,96.3,131.8,102.4,112.5,108.8,80.2,113.9,89.1,73.9,100.4,86.4,84.2,73.6,109.3,10.7,5.0,12.3,-1.2,16.1,93.0,88.5,95.1,9.2,9.2,9.3,8.8,8.7,9.0,67.2,66.3,66.9,66.2
2007-02-01,88.0,90.3,91.7,134.5,98.4,104.7,105.2,77.7,108.8,88.7,75.8,98.7,89.6,86.8,72.1,101.8,8.9,4.1,16.2,-1.0,14.8,93.1,88.5,95.4,9.1,8.9,9.2,8.6,8.4,8.9,71.33333333333333,70.86666666666666,71.7,71.5
2007-03-01,88.2,103.2,104.4,145.2,111.2,110.9,116.5,83.9,120.4,100.3,86.8,111.5,106.8,100.7,78.1,108.4,8.8,5.2,12.4,0.9,13.5,93.1,88.6,95.7,8.9,8.8,9.0,8.5,8.3,8.7,75.46666666666667,75.43333333333334,76.5,76.8
2007-04-01,88.6,91.5,98.1,119.0,99.1,106.3,105.8,84.5,109.5,89.6,75.2,96.7,92.1,85.3,68.9,96.9,8.8,3.1,13.6,1.8,14.5,93.1,88.7,96.5,8.7,8.6,8.9,8.3,8.1,8.6,79.6,80.0,81.3,82.1
2007-05-01,88.7,95.7,103.5,121.1,103.2,108.5,109.2,84.9,112.8,94.3,79.3,100.4,98.6,89.6,72.1,97.0,9.0,5.2,7.8,1.3,13.5,93.6,88.8,96.8,8.6,8.5,8.8,8.2,8.0,8.5,76.16666666666666,76.43333333333334,77.63333333333333,78.26666666666667
2007-06-01,88.8,98.9,99.9,127.6,104.7,110.8,107.0,77.2,113.0,98.2,85.8,104.0,103.9,94.7,73.9,94.1,9.9,6.4,12.5,0.1,13.7,93.6,89.2,96.8,8.5,8.4,8.7,8.1,7.9,8.4,72.73333333333333,72.86666666666666,73.96666666666667,74.43333333333332
2007-07-01,89.3,97.8,100.9,135.6,104.8,115.8,108.6,83.5,109.8,98.2,84.7,106.7,103.0,90.2,72.7,93.3,8.9,6.8,9.3,0.5,13.3,93.6,89.5,96.8,8.5,8.3,8.6,8.1,7.8,8.3,69.3,69.3,70.3,70.6
2007-08-01,89.1,92.7,104.0,126.4,106.1,109.0,105.6,90.5,107.5,94.8,84.2,101.9,94.2,70.3,67.3,94.5,8.6,6.8,9.3,-0.1,13.4,93.7,90.0,96.8,8.4,8.3,8.6,8.0,7.7,8.3,72.1,72.23333333333333,73.26666666666667,73.7
2007-09-01,89.3,99.2,102.3,132.8,107.4,111.2,103.1,86.6,111.3,96.3,91.6,105.6,104.5,92.7,70.3,95.8,7.8,6.9,10.7,2.2,11.8,93.8,90.4,96.6,8.4,8.2,8.5,7.9,7.7,8.2,74.9,75.16666666666666,76.23333333333333,76.8
2007-10-01,89.4,105.9,112.5,135.8,115.7,110.5,110.0,87.3,117.4,104.8,98.4,113.6,110.0,98.8,78.6,109.0,7.0,5.1,3.2,3.9,11.3,94.1,91.3,96.9,8.3,8.1,8.5,7.9,7.6,8.2,77.7,78.1,79.2,79.9
2007-11-01,89.9,106.3,109.9,129.4,114.3,110.2,105.2,88.8,117.7,104.1,103.3,113.5,111.8,100.6,83.1,114.8,7.1,5.6,11.1,3.5,10.5,94.9,91.6,96.7,8.2,8.0,8.4,7.8,7.5,8.1,75.10000000000001,75.39999999999999,76.16666666666667,76.60000000000001
2007-12-01,90.5,88.3,95.0,96.7,93.9,113.6,91.3,71.6,92.5,80.0,87.8,89.4,111.1,68.7,66.7,116.9,6.9,7.2,8.2,4.5,12.0,94.8,91.7,96.4,8.1,7.9,8.3,7.7,7.4,7.9,72.5,72.7,73.13333333333333,73.3
2008-01-01,90.2,95.7,99.7,129.5,105.5,111.7,112.1,86.9,114.3,95.3,87.8,105.1,94.9,87.9,79.0,112.7,5.2,3.1,4.3,4.3,9.0,95.6,92.2,96.8,8.0,7.8,8.1,7.6,7.3,7.8,69.9,70.0,70.1,70.0
2008-02-01,90.6,98.6,95.0,137.0,104.1,105.5,107.4,83.9,113.8,98.5,88.3,109.0,100.7,97.7,80.2,106.5,5.3,2.3,6.5,3.2,9.3,96.1,92.6,97.5,7.9,7.7,8.0,7.5,7.2,7.7,73.03333333333333,73.36666666666666,73.43333333333332,73.63333333333334
2008-03-01,91.1,97.1,94.8,119.0,102.3,116.9,109.1,85.4,113.9,97.0,90.2,103.9,103.0,89.6,76.4,109.0,5.2,1.8,10.1,4.3,9.8,96.6,92.9,98.0,7.8,7.6,8.0,7.4,7.1,7.7,76.16666666666667,76.73333333333333,76.76666666666667,77.26666666666667
2008-04-01,90.9,107.2,103.0,124.9,111.0,111.0,112.1,88.0,123.2,109.4,94.3,116.8,114.1,104.3,85.5,107.5,3.0,-0.1,-1.6,3.7,4.6,97.5,92.8,98.6,7.7,7.4,7.9,7.3,7.0,7.6,79.3,80.1,80.1,80.9
2008-05-01,91.5,95.1,98.7,107.9,99.3,110.0,106.4,78.0,115.0,95.7,87.1,101.8,99.5,84.4,76.7,96.6,2.8,1.8,8.7,3.6,6.8,98.3,92.9,99.0,7.5,7.3,7.8,7.2,6.9,7.5,76.36666666666666,76.89999999999999,77.13333333333333,77.7
2008-06-01,91.8,104.2,98.1,120.1,105.6,107.7,105.7,90.3,120.8,105.5,95.5,113.2,116.6,95.7,81.3,91.8,-0.7,-2.8,-1.6,5.7,2.1,99.2,93.2,99.3,7.4,7.2,7.7,7.1,6.8,7.4,73.43333333333334,73.7,74.16666666666667,74.5
2008-07-01,92.3,101.7,102.4,125.3,105.7,114.0,110.9,89.3,113.7,104.3,94.2,112.2,110.7,88.3,81.6,92.8,-3.3,-4.5,-4.5,6.0,-1.9,101.2,93.7,100.3,7.3,7.0,7.5,6.9,6.6,7.2,70.5,70.5,71.2,71.3
2008-08-01,92.0,88.4,96.5,106.1,99.0,111.1,101.9,83.9,105.9,90.2,85.7,97.5,92.3,64.6,68.7,87.3,-6.9,-7.4,-2.7,9.2,-4.3,100.8,93.9,100.4,7.1,6.9,7.4,6.7,6.5,7.1,73.86666666666666,74.03333333333333,75.26666666666667,75.6
2008-09-01,92.0,105.1,103.7,127.6,114.2,99.5,103.1,88.2,116.7,103.5,97.4,114.5,112.4,94.9,83.6,95.5,-9.4,-10.9,-13.7,10.7,-9.3,101.0,93.9,100.4,7.0,6.9,7.2,6.6,6.4,6.9,77.23333333333333,77.56666666666666,79.33333333333334,79.9
2008-10-01,91.7,102.3,108.7,117.6,116.2,114.1,103.1,93.7,113.0,101.6,97.2,108.9,108.9,86.6,85.6,103.7,-17.2,-15.6,-15.8,14.8,-16.1,101.1,93.9,99.7,7.0,6.9,7.1,6.6,6.4,6.8,80.6,81.1,83.4,84.2
2008-11-01,91.2,94.3,103.1,101.9,106.4,114.8,85.6,86.4,98.7,90.6,97.0,98.6,103.8,78.5,83.9,101.8,-28.8,-26.2,-26.8,20.3,-31.2,99.4,93.0,98.4,7.0,7.0,7.0,6.5,6.4,6.7,77.6,77.89999999999999,79.56666666666668,80.03333333333333
2008-12-01,91.5,81.8,100.7,84.5,93.0,108.1,70.4,75.6,70.6,69.7,85.5,79.3,115.2,49.6,76.1,106.5,-36.9,-33.9,-48.4,26.6,-41.4,98.7,92.6,97.4,7.1,7.1,7.0,6.6,6.5,6.6,74.6,74.7,75.73333333333333,75.86666666666667
2009-01-01,91.1,72.9,93.9,92.5,88.6,99.4,77.3,86.8,76.5,68.4,65.4,77.4,71.7,53.6,78.0,114.0,-37.5,-34.2,-42.8,23.3,-47.7,97.6,92.3,96.3,7.1,7.3,7.0,6.6,6.6,6.6,71.6,71.5,71.9,71.7
2009-02-01,91.6,73.7,89.1,99.1,89.0,92.6,79.0,83.8,76.5,69.5,67.4,78.2,76.0,52.3,80.1,99.4,-41.3,-34.3,-46.6,28.5,-56.7,97.0,92.2,95.2,7.2,7.4,7.0,6.7,6.8,6.6,75.6,75.76666666666667,76.5,76.63333333333334
2009-03-01,91.4,84.5,99.4,104.0,98.1,104.1,85.7,88.4,76.4,78.6,74.3,87.0,90.4,69.6,86.9,98.3,-42.0,-40.7,-46.5,28.9,-60.9,96.4,92.0,94.4,7.3,7.6,7.0,6.7,6.9,6.6,79.6,80.03333333333333,81.10000000000001,81.56666666666666
2009-04-01,91.5,75.9,99.9,92.2,93.0,103.8,83.7,81.3,70.4,72.1,63.9,76.2,74.2,57.3,79.7,85.7,-39.7,-40.6,-38.8,30.0,-61.0,95.0,92.1,93.9,7.4,7.7,7.0,6.8,7.0,6.6,83.6,84.3,85.7,86.5
2009-05-01,91.4,76.4,95.7,89.8,89.5,102.7,84.0,80.7,75.4,70.2,64.5,74.1,73.5,65.3,77.6,83.2,-37.9,-37.9,-34.5,28.3,-62.8,95.0,92.0,93.4,7.5,7.8,7.0,6.8,7.1,6.6,79.8,80.26666666666667,81.46666666666667,82.0
2009-06-01,91.8,82.3,96.4,96.4,94.6,105.1,88.7,82.8,79.1,76.9,69.4,80.4,80.6,73.5,78.9,87.4,-34.7,-34.8,-28.2,26.5,-62.5,94.9,92.1,93.3,7.5,7.9,7.0,6.9,7.2,6.6,76.0,76.23333333333333,77.23333333333333,77.5
2009-07-01,91.7,82.8,100.4,109.5,97.5,105.9,95.4,84.3,80.5,79.1,71.0,85.0,75.3,70.5,78.5,90.4,-31.2,-32.8,-21.0,23.9,-60.1,93.6,92.1,93.0,7.6,8.0,7.0,6.9,7.2,6.5,72.2,72.2,73.0,73.0
2009-08-01,92.0,72.6,96.2,90.5,91.7,104.2,88.5,75.9,78.1,68.9,65.5,75.1,64.3,50.4,67.1,87.3,-25.3,-27.6,-3.0,20.1,-53.9,93.9,92.1,93.5,7.5,8.0,7.0,6.9,7.2,6.5,74.53333333333333,74.63333333333334,75.4,75.56666666666666
2009-09-01,91.6,90.9,105.7,112.9,107.0,100.3,95.0,85.9,88.9,84.9,78.3,91.9,89.0,86.0,79.6,90.9,-23.6,-29.2,-7.0,18.5,-51.3,93.5,91.9,93.7,7.5,7.9,6.9,6.8,7.2,6.4,76.86666666666667,77.06666666666666,77.8,78.13333333333334
2009-10-01,91.6,89.0,106.9,104.6,107.0,99.7,95.8,87.8,92.9,84.6,80.8,93.4,78.0,81.5,81.1,100.3,-19.6,-24.4,1.4,15.1,-49.7,93.6,91.6,93.8,7.4,7.8,6.8,6.7,7.1,6.3,79.2,79.5,80.2,80.7
2009-11-01,91.5,89.1,104.8,101.9,105.0,98.8,97.1,91.7,92.6,85.2,81.7,92.1,79.2,81.2,81.1,102.8,-19.2,-23.3,5.2,15.9,-47.3,93.6,91.7,93.7,7.2,7.7,6.7,6.6,7.0,6.2,76.93333333333334,76.93333333333334,77.56666666666666,77.76666666666667
2009-12-01,92.3,79.3,103.4,83.5,92.8,93.2,82.6,77.9,74.2,70.0,75.8,78.6,89.2,59.1,70.6,113.1,-17.4,-19.9,3.4,14.4,-44.8,93.6,91.7,93.8,7.2,7.6,6.6,6.6,6.9,6.1,74.66666666666667,74.36666666666666,74.93333333333334,74.83333333333334
2010-01-01,91.7,73.6,93.4,97.1,88.8,96.4,98.0,78.5,84.3,68.5,63.5,76.9,62.2,61.9,69.6,115.6,-14.9,-19.0,3.5,12.0,-39.2,94.2,91.7,94.1,7.1,7.5,6.6,6.5,6.8,6.1,72.4,71.8,72.3,71.9
2010-02-01,92.0,79.2,90.0,101.0,90.5,87.5,97.4,80.2,89.5,74.6,70.2,84.2,69.7,73.5,73.9,105.4,-12.5,-14.5,4.5,9.3,-38.5,94.1,91.7,94.5,7.0,7.4,6.6,6.5,6.8,6.1,76.33333333333334,76.0,76.6,76.53333333333333
2010-03-01,92.5,96.7,105.2,116.4,108.3,93.7,111.3,91.9,110.7,90.6,86.7,100.2,92.3,93.9,83.8,105.8,-9.2,-12.6,12.0,6.3,-34.6,94.5,91.6,95.0,6.9,7.3,6.5,6.4,6.7,6.0,80.26666666666667,80.2,80.9,81.16666666666667
2010-04-01,92.4,87.2,98.1,99.5,100.1,95.2,103.5,80.5,97.6,84.5,76.3,90.9,80.0,81.3,76.1,96.8,-4.3,-7.7,20.8,3.6,-23.7,95.2,91.6,96.2,6.8,7.2,6.4,6.3,6.6,5.9,84.2,84.4,85.2,85.8
2010-05-01,92.5,86.5,96.9,96.1,96.8,100.9,103.2,78.6,98.2,82.6,75.9,91.5,78.9,81.9,69.0,94.9,-1.6,-4.4,19.1,3.4,-19.3,95.7,92.0,97.3,6.7,7.1,6.2,6.2,6.5,5.8,80.43333333333334,80.4,81.10000000000001,81.43333333333334
2010-06-01,92.6,95.6,101.6,106.5,104.2,101.6,105.7,85.0,101.6,93.7,86.7,103.8,91.8,92.2,75.3,85.3,1.3,-3.4,17.4,-0.6,-13.9,96.4,92.6,97.5,6.6,7.0,6.1,6.1,6.4,5.7,76.66666666666667,76.4,77.0,77.06666666666666
2010-07-01,92.8,90.1,99.7,109.8,99.9,103.6,105.0,86.7,96.6,89.9,81.1,100.7,84.2,78.6,68.7,91.8,4.5,1.0,24.0,-1.3,-7.0,96.7,92.7,97.8,6.5,6.9,6.0,6.0,6.4,5.6,72.9,72.4,72.9,72.7
2010-08-01,92.9,84.9,98.7,99.9,99.6,105.0,104.4,84.0,93.2,84.2,80.8,95.8,80.9,62.9,66.7,88.1,5.8,3.6,23.0,-0.8,-2.1,96.6,92.8,98.3,6.4,6.8,5.9,6.0,6.3,5.5,75.46666666666667,75.10000000000001,75.60000000000001,75.60000000000001
2010-09-01,92.7,99.5,105.8,118.3,110.4,102.2,103.4,90.0,102.1,95.8,90.3,109.3,95.5,99.7,76.8,92.3,6.7,3.5,22.8,-0.2,-0.3,96.8,92.8,98.8,6.4,6.7,5.9,5.9,6.3,5.5,78.03333333333333,77.8,78.3,78.5
2010-10-01,92.8,97.7,105.6,108.5,107.8,102.9,104.6,88.6,103.5,95.1,91.8,106.8,91.5,96.2,76.0,103.2,7.7,9.8,26.0,0.2,2.9,97.2,93.0,99.0,6.3,6.7,5.9,5.9,6.2,5.5,80.6,80.5,81.0,81.4
2010-11-01,92.9,101.5,109.5,106.5,110.5,101.8,105.2,88.8,104.5,97.6,98.9,108.8,100.6,98.6,81.7,107.2,8.0,9.4,21.6,-0.5,2.2,97.3,93.4,99.1,6.2,6.6,5.9,5.8,6.1,5.5,78.2,77.93333333333334,78.46666666666667,78.46666666666667
2010-12-01,94.0,93.2,102.1,88.8,98.9,101.4,96.0,80.3,81.5,83.4,94.6,94.6,114.6,82.2,71.6,117.3,9.4,10.4,20.0,-0.9,5.2,98.0,93.9,99.7,6.1,6.4,5.8,5.7,6.0,5.4,75.8,75.36666666666666,75.93333333333334,75.53333333333333
2011-01-01,93.5,86.0,92.5,103.4,96.1,100.9,108.2,84.1,98.7,83.7,81.7,93.7,76.9,79.2,77.3,112.8,8.5,11.3,21.5,-0.8,6.1,99.0,94.0,100.8,6.0,6.3,5.7,5.6,5.8,5.3,73.4,72.8,73.4,72.6
2011-02-01,94.1,92.8,91.6,110.1,100.0,92.4,106.7,90.2,102.4,89.4,88.4,98.9,87.0,95.4,83.3,104.2,10.5,12.8,18.7,-1.0,9.7,99.5,94.4,102.0,5.9,6.1,5.6,5.4,5.6,5.2,78.03333333333333,77.76666666666667,78.60000000000001,78.26666666666667
2011-03-01,94.7,107.6,104.8,118.2,115.6,97.9,117.9,97.0,113.2,104.3,99.9,114.4,109.2,109.3,94.4,107.7,10.5,14.2,18.1,-3.3,10.5,100.1,94.7,102.1,5.7,6.0,5.5,5.3,5.5,5.1,82.66666666666667,82.73333333333333,83.8,83.93333333333332
2011-04-01,94.9,93.7,99.3,99.7,101.6,94.7,107.9,84.4,102.7,91.3,85.6,97.9,90.7,90.9,81.4,90.5,10.9,13.9,17.9,-3.1,11.8,101.0,95.2,102.7,5.6,5.8,5.4,5.2,5.4,5.0,87.3,87.7,89.0,89.6
2011-05-01,94.8,104.9,104.3,112.2,110.3,96.8,110.2,97.3,113.5,104.3,95.9,112.5,102.1,107.5,90.6,86.2,10.7,14.1,12.4,-4.3,11.8,101.0,95.6,102.8,5.6,5.8,5.4,5.1,5.3,4.9,83.16666666666667,83.4,84.46666666666667,84.83333333333333
2011-06-01,94.8,96.0,98.3,101.7,101.4,96.8,103.1,86.6,102.4,95.7,92.1,101.7,99.4,89.9,78.0,81.1,9.5,12.2,15.4,-3.1,12.2,101.2,95.8,103.0,5.5,5.7,5.3,5.1,5.2,4.9,79.03333333333333,79.1,79.93333333333334,80.06666666666666
2011-07-01,95.2,97.2,97.8,111.0,102.5,106.4,104.0,91.3,101.6,97.4,94.6,105.0,97.4,91.7,77.8,86.0,8.0,11.9,6.0,-2.2,10.5,101.7,96.1,103.1,5.5,5.6,5.3,5.0,5.2,4.9,74.9,74.8,75.4,75.3
2011-08-01,95.2,95.2,101.8,103.2,105.3,104.3,103.4,82.8,98.4,96.3,97.0,107.8,95.8,82.0,78.7,85.4,4.8,6.5,1.9,0.5,7.7,101.5,96.1,102.9,5.4,5.6,5.2,5.0,5.1,4.8,77.9,77.89999999999999,78.56666666666668,78.7
2011-09-01,95.3,105.2,107.4,115.3,114.2,97.1,100.6,86.2,103.7,104.6,103.6,115.1,107.2,106.1,87.6,86.2,2.3,8.1,7.1,3.1,5.2,101.7,96.3,103.0,5.4,5.5,5.2,4.9,5.0,4.8,80.9,81.0,81.73333333333333,82.1
2011-10-01,95.4,98.5,104.7,102.2,109.0,103.9,99.5,84.6,100.5,98.9,95.6,104.6,94.9,97.7,83.1,95.7,0.6,7.1,6.7,4.5,3.7,101.9,96.6,102.3,5.3,5.5,5.1,4.9,5.0,4.7,83.9,84.1,84.9,85.5
2011-11-01,95.4,106.1,109.5,101.9,116.1,99.1,99.0,92.1,101.6,107.7,105.5,113.9,108.5,105.4,95.2,100.4,-1.5,3.7,-3.6,5.2,-0.4,101.9,97.0,102.0,5.2,5.4,5.0,4.8,4.9,4.6,80.8,80.66666666666666,81.16666666666667,81.36666666666666
2011-12-01,96.1,94.5,104.7,83.8,102.2,100.8,89.3,85.7,79.0,88.5,97.2,97.7,115.4,79.5,80.4,104.5,-1.0,1.6,1.4,5.3,-0.2,101.4,97.0,101.7,5.2,5.4,4.9,4.7,4.9,4.6,77.7,77.23333333333333,77.43333333333334,77.23333333333333
2012-01-01,95.7,90.8,95.7,101.4,97.6,97.3,104.7,82.0,96.8,90.4,85.3,98.8,85.4,89.4,86.7,107.9,0.0,3.3,3.6,4.4,0.3,101.9,97.3,101.9,5.1,5.4,4.9,4.7,4.9,4.5,74.6,73.8,73.7,73.1
2012-02-01,96.5,95.8,94.1,104.8,101.0,95.2,102.8,81.1,100.7,94.0,91.1,102.4,94.9,101.8,91.2,110.2,0.0,1.9,0.2,5.3,0.0,102.3,97.8,102.3,5.1,5.4,4.9,4.7,4.9,4.5,80.26666666666667,80.0,79.96666666666667,79.96666666666667
2012-03-01,96.9,107.1,104.8,105.0,111.7,100.4,109.4,95.5,107.9,102.4,101.9,111.0,115.8,109.4,96.2,105.3,-2.4,1.6,-0.9,5.5,-3.7,102.8,97.9,102.7,5.1,5.3,4.8,4.7,4.9,4.5,85.93333333333332,86.2,86.23333333333333,86.83333333333333
2012-04-01,97.0,92.8,94.7,87.8,99.9,97.9,104.2,76.9,97.9,90.9,87.2,95.6,93.4,91.3,85.3,94.8,-1.5,3.0,-1.3,4.6,-3.5,103.0,98.2,103.1,5.1,5.3,4.9,4.7,4.9,4.5,91.6,92.4,92.5,93.7
2012-05-01,96.8,97.7,101.0,95.7,103.9,102.9,104.5,82.2,102.8,97.1,91.7,101.7,98.7,95.2,88.5,90.8,-4.4,-1.1,-5.9,5.1,-8.9,102.8,97.9,103.1,5.1,5.3,4.9,4.7,4.9,4.5,86.86666666666666,87.4,87.56666666666666,88.43333333333334
2012-06-01,96.6,99.5,99.6,100.6,104.3,91.7,100.3,84.8,102.9,99.1,97.5,105.5,104.8,96.0,87.3,89.0,-5.4,-1.4,-5.2,5.6,-10.1,102.3,98.0,102.9,5.1,5.3,4.9,4.7,4.8,4.5,82.13333333333334,82.4,82.63333333333334,83.16666666666667
2012-07-01,97.0,99.1,98.4,103.1,103.3,105.3,103.6,89.6,100.4,98.4,97.2,105.1,101.9,95.7,87.1,89.4,-8.8,-4.8,-10.4,8.2,-12.7,102.4,97.9,102.6,5.1,5.3,4.8,4.7,4.8,4.5,77.4,77.4,77.7,77.9
2012-08-01,97.4,94.2,103.4,95.3,104.5,106.7,102.0,87.2,93.3,93.9,91.6,103.7,92.9,83.5,82.7,91.0,-9.6,-5.6,-7.7,8.7,-14.0,102.8,98.2,102.7,5.0,5.2,4.8,4.6,4.7,4.5,80.73333333333333,80.9,81.10000000000001,81.53333333333333
2012-09-01,97.4,97.4,101.6,97.0,106.0,103.6,95.2,87.1,97.8,95.0,90.5,103.1,99.3,97.1,85.0,91.5,-11.9,-7.9,-8.0,9.4,-17.2,103.1,98.8,103.1,5.0,5.2,4.8,4.6,4.7,4.4,84.06666666666668,84.4,84.5,85.16666666666667
2012-10-01,97.4,102.2,111.2,97.5,113.6,105.6,101.7,97.5,101.9,102.1,97.3,106.9,99.7,99.1,95.0,100.6,-14.6,-8.5,-18.6,11.4,-22.2,103.2,99.1,103.1,5.0,5.2,4.8,4.6,4.7,4.4,87.4,87.9,87.9,88.8
2012-11-01,97.2,102.9,109.1,93.9,112.9,102.3,99.7,92.7,97.6,101.7,99.0,106.9,104.3,102.9,99.1,102.5,-11.8,-6.7,-8.9,8.2,-20.7,103.2,99.3,102.9,5.0,5.2,4.8,4.6,4.7,4.5,84.10000000000001,84.33333333333334,84.63333333333334,84.96666666666667
2012-12-01,98.1,85.6,97.6,76.3,90.8,102.2,86.4,80.8,72.6,79.4,86.6,81.0,108.0,68.3,79.6,103.2,-10.3,-7.6,-7.5,8.6,-19.3,102.9,99.4,102.8,5.0,5.2,4.8,4.6,4.8,4.5,80.8,80.76666666666667,81.36666666666666,81.13333333333333
2013-01-01,97.5,89.8,99.8,98.6,98.9,99.5,105.5,88.1,97.3,89.4,82.7,97.1,81.9,83.5,93.9,110.6,-8.8,-5.8,-9.5,6.5,-19.3,103.5,99.6,102.7,5.1,5.3,4.8,4.7,4.8,4.5,77.5,77.2,78.1,77.3
2013-02-01,98.2,90.9,90.8,95.8,95.7,90.6,99.5,83.9,94.1,89.4,83.4,94.0,89.5,93.2,92.7,102.3,-6.8,-4.5,-2.3,6.7,-15.9,103.3,99.7,102.7,5.1,5.3,4.8,4.7,4.9,4.5,81.96666666666667,82.26666666666667,82.83333333333333,82.73333333333333
2013-03-01,98.7,98.3,98.7,95.7,101.2,97.6,106.3,86.8,101.0,95.3,104.7,98.1,100.0,99.0,92.6,111.3,-7.8,-4.7,-4.4,7.0,-19.7,103.0,99.7,102.7,5.0,5.3,4.7,4.7,4.9,4.4,86.43333333333334,87.33333333333334,87.56666666666666,88.16666666666666
2013-04-01,98.1,100.1,100.4,96.3,104.0,91.9,102.2,92.1,102.4,99.3,90.1,100.9,101.1,104.4,97.3,97.0,-7.4,-7.1,-10.2,6.5,-19.6,103.0,99.8,102.3,5.0,5.3,4.7,4.6,4.9,4.4,90.9,92.4,92.3,93.6
2013-05-01,98.3,93.4,99.4,88.3,97.5,99.9,104.1,88.3,97.0,93.1,88.6,94.4,91.1,90.3,87.7,88.0,-8.0,-5.7,-0.2,6.7,-18.9,102.6,100.0,102.1,5.0,5.2,4.6,4.6,4.8,4.3,86.10000000000001,87.33333333333334,87.43333333333334,88.46666666666667
2013-06-01,98.5,99.5,96.6,94.4,99.8,99.1,100.5,90.1,99.5,100.1,97.2,101.3,105.3,97.6,90.5,87.9,-5.8,-6.7,0.6,7.5,-14.9,102.6,100.2,101.9,4.9,5.2,4.6,4.5,4.8,4.3,81.3,82.26666666666667,82.56666666666666,83.33333333333333
2013-07-01,98.9,100.6,103.0,107.9,105.3,103.8,108.0,92.1,99.9,103.1,91.8,104.1,101.3,94.9,93.9,91.0,-6.4,-3.8,-1.2,6.9,-16.5,102.5,100.5,101.5,4.9,5.2,4.6,4.5,4.7,4.2,76.5,77.2,77.7,78.2
2013-08-01,98.9,91.4,100.1,92.2,98.0,102.3,99.0,86.9,87.9,92.4,88.0,95.0,88.6,86.7,85.0,88.7,-2.1,-3.0,6.3,4.1,-9.4,102.4,100.6,101.4,4.9,5.2,4.5,4.5,4.7,4.2,80.13333333333334,81.0,81.5,82.23333333333333
2013-09-01,98.9,101.8,101.3,101.4,107.0,94.9,97.5,95.0,101.2,101.6,95.0,103.6,103.3,105.0,93.0,94.6,-1.7,-0.1,4.8,4.0,-9.9,102.7,100.8,101.3,4.9,5.1,4.5,4.4,4.7,4.2,83.76666666666667,84.8,85.3,86.26666666666667
2013-10-01,98.6,103.9,110.1,101.3,112.1,101.4,105.9,98.6,105.3,105.3,95.4,107.7,99.9,103.0,97.4,101.7,1.0,0.8,4.4,3.1,-7.7,102.5,100.8,101.3,4.8,5.1,4.5,4.4,4.6,4.2,87.4,88.6,89.1,90.3
2013-11-01,98.8,104.0,107.2,95.1,108.1,99.1,100.7,99.9,100.0,104.1,101.5,103.7,104.4,108.8,99.0,102.2,0.9,2.1,10.6,3.4,-6.9,102.4,100.8,101.1,4.8,5.1,4.6,4.4,4.6,4.2,84.36666666666667,85.16666666666666,85.53333333333333,86.33333333333333
2013-12-01,99.3,90.9,100.5,75.1,91.1,98.5,91.4,90.1,79.7,83.3,93.5,83.1,113.4,77.4,82.8,104.5,0.3,0.4,5.9,3.1,-7.3,102.5,100.8,101.0,4.8,5.1,4.6,4.4,4.6,4.2,81.33333333333333,81.73333333333333,81.96666666666667,82.36666666666667
2014-01-01,98.6,92.6,96.5,103.6,97.4,98.7,107.4,95.6,100.4,93.3,83.9,96.4,85.0,91.9,94.3,107.0,0.5,1.2,6.6,1.6,-7.5,102.4,100.9,101.1,4.8,5.1,4.6,4.4,4.6,4.2,78.3,78.3,78.4,78.4
2014-02-01,99.2,96.1,91.6,104.3,96.1,92.8,103.7,92.8,100.8,95.6,90.7,98.9,90.8,103.5,96.0,96.0,0.8,1.4,7.7,1.5,-6.2,102.3,101.0,101.1,4.8,5.1,4.5,4.4,4.7,4.1,83.43333333333334,83.8,84.13333333333334,84.56666666666668
2014-03-01,99.4,103.6,99.9,101.2,103.8,98.6,109.2,97.7,108.1,102.5,99.7,102.9,103.5,108.8,98.4,100.5,1.2,2.3,8.5,1.2,-5.4,102.1,101.0,101.0,4.8,5.1,4.4,4.4,4.7,4.1,88.56666666666666,89.3,89.86666666666666,90.73333333333333
2014-04-01,99.2,99.0,101.1,98.8,101.5,100.4,104.0,94.6,103.3,100.1,92.3,99.5,94.6,103.2,90.2,88.8,0.5,1.2,4.4,0.8,-6.2,102.0,101.2,100.9,4.8,5.1,4.4,4.3,4.6,4.0,93.7,94.8,95.6,96.9
2014-05-01,99.0,97.7,99.3,97.1,98.9,97.7,100.6,91.1,103.2,98.0,91.5,97.7,95.4,101.6,92.5,85.8,0.7,1.1,6.2,1.2,-6.3,101.8,101.1,101.0,4.7,5.0,4.4,4.3,4.6,4.0,88.83333333333333,89.66666666666667,90.26666666666667,91.26666666666667
2014-06-01,99.4,97.5,98.0,98.3,97.4,86.0,97.7,90.6,99.1,99.0,97.6,97.3,99.5,97.5,88.2,83.7,-1.2,-0.6,2.4,1.4,-6.9,101.8,101.2,100.9,4.7,5.0,4.4,4.3,4.6,4.0,83.96666666666667,84.53333333333333,84.93333333333332,85.63333333333334
2014-07-01,99.6,105.1,103.5,114.6,103.9,97.6,104.4,98.1,102.6,106.9,101.4,107.0,102.7,112.9,97.9,85.5,-0.9,-1.1,-1.3,2.6,-8.1,101.7,101.3,101.0,4.7,5.0,4.4,4.3,4.5,4.0,79.1,79.4,79.6,80.0
2014-08-01,99.7,86.8,96.0,92.9,93.6,106.0,97.6,92.1,88.1,89.6,91.6,91.7,88.3,66.1,79.4,82.6,-2.9,-2.5,6.8,3.1,-8.5,101.6,101.2,101.0,4.7,5.0,4.4,4.3,4.6,4.0,82.53333333333333,83.03333333333333,83.23333333333333,83.9
2014-09-01,99.7,106.5,104.7,107.3,108.0,97.8,96.3,100.1,104.3,105.3,104.3,109.7,110.4,112.0,97.3,90.8,-5.3,-0.5,-0.4,6.1,-12.0,101.6,100.9,101.0,4.7,5.0,4.4,4.3,4.6,4.0,85.96666666666667,86.66666666666667,86.86666666666666,87.8
2014-10-01,99.3,105.6,110.5,105.0,109.1,97.5,100.3,104.0,105.8,106.8,104.1,107.9,102.9,107.8,101.6,101.0,-6.4,-4.9,-3.7,7.1,-13.6,101.4,100.3,101.0,4.7,5.0,4.3,4.3,4.6,4.0,89.4,90.3,90.5,91.7
2014-11-01,99.3,102.7,103.8,94.3,104.8,97.0,94.2,102.7,100.5,104.2,98.8,104.9,103.6,107.4,98.9,100.3,-4.5,-5.1,2.2,6.3,-10.4,101.4,100.0,100.9,4.6,5.0,4.3,4.3,4.6,3.9,86.53333333333333,87.06666666666666,87.23333333333333,88.0
2014-12-01,99.4,94.0,104.7,79.4,94.2,100.1,89.4,89.7,82.2,87.2,96.9,90.2,117.8,80.2,89.2,105.1,-4.4,-3.6,-3.2,6.1,-9.7,100.9,99.7,100.6,4.6,4.9,4.2,4.2,4.5,3.8,83.66666666666667,83.83333333333333,83.96666666666667,84.3
2015-01-01,98.1,88.4,93.3,99.5,92.4,100.6,102.0,91.5,98.0,88.4,86.2,92.4,80.3,85.1,94.3,109.2,-3.0,-2.1,4.6,4.8,-8.7,100.2,99.6,100.2,4.5,4.9,4.1,4.2,4.5,3.8,80.8,80.6,80.7,80.6
2015-02-01,99.0,94.4,88.6,101.6,92.3,96.5,98.9,91.8,99.7,93.4,93.4,96.0,89.4,101.7,97.6,102.3,-2.1,-0.7,0.1,5.1,-8.0,100.3,99.9,100.0,4.5,4.8,4.1,4.1,4.4,3.8,86.03333333333333,86.36666666666666,86.66666666666667,87.2
2015-03-01,99.7,108.7,105.4,108.7,106.0,101.4,109.1,107.0,109.2,106.8,109.9,108.0,109.1,113.4,108.4,109.4,-0.1,0.9,2.4,5.3,-4.9,100.5,100.2,100.1,4.5,4.8,4.1,4.1,4.4,3.8,91.26666666666667,92.13333333333334,92.63333333333333,93.8
2015-04-01,100.2,99.5,97.8,96.8,100.1,100.3,102.5,97.4,102.9,101.2,93.8,98.2,97.7,101.9,97.4,96.8,-0.3,1.9,3.2,4.4,-4.6,100.5,100.3,100.4,4.4,4.8,4.0,4.1,4.4,3.7,96.5,97.9,98.6,100.4
2015-05-01,100.6,92.9,93.2,88.1,90.9,101.5,97.3,94.8,97.0,93.0,90.7,90.9,91.0,93.9,87.0,88.9,-0.9,2.0,5.4,5.0,-6.4,100.5,100.1,100.5,4.4,4.8,4.0,4.1,4.4,3.7,91.46666666666667,92.5,92.96666666666667,94.36666666666667
2015-06-01,100.5,106.3,102.3,106.2,103.9,101.9,102.1,111.2,106.7,106.5,109.3,105.5,110.5,105.5,102.5,90.9,-1.2,1.1,-1.3,4.8,-6.7,100.4,100.2,100.4,4.4,4.7,4.0,4.0,4.4,3.6,86.43333333333334,87.10000000000001,87.33333333333333,88.33333333333333
2015-07-01,100.9,105.9,104.2,111.5,103.0,107.3,104.2,110.0,103.7,106.6,102.3,106.6,103.8,110.8,104.2,95.8,-0.7,0.5,6.0,4.4,-5.3,100.4,100.0,100.5,4.3,4.7,3.9,4.0,4.3,3.6,81.4,81.7,81.7,82.3
2015-08-01,100.8,89.3,95.7,94.3,94.7,101.8,98.0,98.0,92.5,91.3,90.5,92.6,88.2,76.8,85.0,91.7,-2.0,-2.6,5.6,5.2,-5.9,100.0,99.9,100.2,4.3,4.6,3.9,3.9,4.3,3.6,84.43333333333334,84.83333333333333,84.8,85.53333333333333
2015-09-01,100.5,106.7,103.2,109.9,107.0,99.5,97.7,99.8,104.5,107.2,108.8,107.1,105.3,110.3,105.9,98.1,-1.7,-1.0,0.4,5.4,-9.1,99.7,100.1,99.8,4.3,4.6,3.9,3.9,4.2,3.6,87.46666666666667,87.96666666666667,87.9,88.76666666666667
2015-10-01,100.5,106.6,107.1,103.3,108.0,96.9,99.6,101.9,104.2,109.2,100.7,107.4,102.9,113.5,107.3,103.4,-3.4,-2.3,2.1,6.3,-10.1,99.4,100.1,99.5,4.2,4.5,3.9,3.9,4.1,3.6,90.5,91.1,91.0,92.0
2015-11-01,99.5,105.9,105.8,99.0,107.4,95.2,97.7,108.2,101.2,107.1,105.7,105.4,105.8,108.4,114.2,106.3,-2.6,-1.0,4.2,5.1,-9.8,99.2,99.9,99.3,4.2,4.5,4.0,3.9,4.1,3.6,88.36666666666666,88.76666666666667,88.63333333333334,89.33333333333333
2015-12-01,99.6,95.1,103.2,81.2,94.1,97.1,90.8,88.4,80.3,89.3,108.6,89.7,116.0,78.8,96.0,107.2,-3.0,-1.7,-0.7,7.3,-8.0,98.8,99.8,99.0,4.2,4.4,3.9,3.8,4.0,3.6,86.23333333333333,86.43333333333332,86.26666666666667,86.66666666666667
2016-01-01,98.5,87.7,92.6,97.7,88.5,97.2,101.9,98.5,96.8,88.2,83.8,89.3,77.3,85.9,99.2,111.7,-3.8,-2.2,4.8,7.7,-6.6,98.2,100.0,98.7,4.1,4.4,3.9,3.8,3.9,3.6,84.1,84.1,83.9,84.0
2016-02-01,98.9,100.0,94.6,108.2,97.6,97.4,104.4,96.3,100.9,101.6,97.8,100.7,94.3,106.8,111.1,103.7,-4.3,-3.4,-5.9,5.3,-9.6,97.8,99.9,98.4,4.1,4.3,3.8,3.7,3.9,3.5,87.93333333333332,88.16666666666666,88.2,88.66666666666667
2016-03-01,99.8,105.9,102.2,105.6,103.0,103.2,108.0,102.5,104.5,107.9,106.7,103.5,106.8,108.4,109.5,105.4,-3.8,-3.5,-0.1,5.1,-8.8,97.8,99.8,98.3,4.0,4.3,3.8,3.7,3.8,3.4,91.76666666666667,92.23333333333333,92.5,93.33333333333333
2016-04-01,99.9,104.1,101.6,105.7,102.4,92.5,101.4,100.5,105.3,107.2,97.2,103.8,98.8,111.8,111.5,94.6,-2.8,-3.3,-5.3,4.1,-10.5,97.8,99.7,98.2,4.0,4.3,3.7,3.6,3.8,3.4,95.6,96.3,96.8,98.0
2016-05-01,100.5,96.0,98.8,92.0,95.0,98.1,102.4,100.2,99.4,99.0,93.3,93.8,91.2,93.0,94.7,91.0,-2.3,-1.6,5.2,3.0,-8.2,98.0,99.9,98.5,4.0,4.3,3.7,3.6,3.8,3.4,91.63333333333333,92.26666666666667,92.46666666666667,93.5
2016-06-01,100.6,110.3,102.9,106.8,103.7,94.8,101.7,112.3,105.5,114.2,113.0,109.5,112.2,114.2,112.1,88.8,-1.4,-0.7,1.0,3.7,-7.9,98.4,100.1,98.7,4.0,4.3,3.6,3.6,3.8,3.3,87.66666666666667,88.23333333333333,88.13333333333333,89.0
2016-07-01,101.2,96.5,97.1,103.6,94.4,104.9,99.1,101.2,94.5,98.9,94.8,98.2,92.2,94.2,102.1,92.6,-0.9,-0.7,5.3,3.4,-5.2,98.6,100.6,98.8,3.9,4.3,3.5,3.5,3.8,3.2,83.7,84.2,83.8,84.5
2016-08-01,101.1,97.5,102.7,102.3,97.9,110.3,100.8,107.1,94.5,100.9,100.0,101.2,94.8,88.4,100.0,92.3,-2.8,0.5,-5.1,5.6,-9.8,98.5,100.9,98.8,3.9,4.2,3.4,3.5,3.8,3.1,86.96666666666667,87.43333333333334,87.66666666666667,88.4
2016-09-01,101.1,108.7,106.7,108.9,105.5,105.0,98.0,107.1,101.7,110.6,113.5,109.9,109.1,111.4,114.3,96.2,-0.6,1.5,7.8,4.8,-5.0,98.5,101.3,98.7,3.8,4.2,3.3,3.4,3.8,3.0,90.23333333333333,90.66666666666667,91.53333333333333,92.3
2016-10-01,101.2,100.0,104.2,99.2,100.5,101.9,95.7,102.6,98.8,102.4,101.6,99.2,93.9,101.0,106.9,103.1,0.5,3.9,5.2,4.9,-5.5,98.9,101.5,98.7,3.7,4.2,3.3,3.4,3.7,2.9,93.5,93.9,95.4,96.2
2016-11-01,100.3,110.0,110.0,100.3,107.0,99.5,96.7,113.0,100.8,115.7,112.3,110.0,112.3,109.8,118.2,108.2,0.3,3.5,0.2,4.9,-5.5,99.1,101.7,99.2,3.7,4.1,3.2,3.3,3.7,2.9,90.5,90.63333333333334,91.36666666666667,91.76666666666667
2016-12-01,101.2,96.7,102.1,79.9,93.6,103.2,93.4,96.0,81.4,92.1,110.1,93.6,119.0,79.0,100.7,108.3,2.5,3.6,9.8,4.2,-2.3,99.5,102.2,99.6,3.7,4.1,3.2,3.3,3.7,2.9,87.5,87.36666666666666,87.33333333333333,87.33333333333334
2017-01-01,100.2,94.1,93.3,100.4,93.7,101.5,104.0,107.4,100.2,97.6,96.1,98.6,84.7,92.6,100.0,114.4,2.5,5.5,13.5,2.8,-1.6,100.2,102.4,100.3,3.7,4.0,3.2,3.3,3.6,2.9,84.5,84.1,83.3,82.9
2017-02-01,101.0,97.3,91.7,106.4,91.7,90.1,99.4,100.2,98.0,100.5,96.6,99.4,93.8,100.9,105.9,100.9,3.8,7.5,8.9,2.8,2.4,100.3,102.5,100.9,3.6,4.0,3.2,3.3,3.6,2.9,90.0,90.13333333333333,89.86666666666666,90.16666666666667
2017-03-01,101.3,115.6,107.5,117.6,109.1,101.5,110.8,121.4,112.3,120.0,119.2,116.6,115.5,119.4,123.6,104.5,5.5,5.0,9.3,1.5,2.5,100.3,102.7,101.4,3.6,4.0,3.2,3.3,3.6,2.9,95.5,96.16666666666667,96.43333333333334,97.43333333333334
2017-04-01,101.9,95.2,95.0,91.6,92.6,98.9,99.2,94.9,99.5,98.7,96.6,95.7,90.8,93.8,99.5,94.9,7.9,7.9,19.5,-0.1,7.8,100.6,103.1,101.7,3.6,3.9,3.2,3.2,3.5,2.9,101.0,102.2,103.0,104.7
2017-05-01,101.8,106.6,104.9,104.9,103.1,94.8,101.7,106.1,107.1,112.9,106.6,107.2,103.7,107.4,111.4,96.0,8.2,9.0,11.9,1.3,7.7,100.6,103.6,101.7,3.6,3.9,3.2,3.2,3.5,2.9,96.16666666666667,97.06666666666666,97.56666666666666,98.86666666666667
2017-06-01,102.3,105.7,102.1,101.8,99.8,93.6,99.9,106.2,103.0,110.8,111.4,106.1,108.6,101.8,110.3,92.2,10.2,9.1,15.8,-0.1,13.1,100.6,104.1,101.6,3.5,3.9,3.1,3.2,3.5,2.8,91.33333333333333,91.93333333333334,92.13333333333334,93.03333333333333
2017-07-01,102.9,100.7,100.8,106.6,96.6,102.1,102.9,105.9,99.2,106.2,104.3,104.6,97.3,94.8,106.6,90.2,11.8,11.0,12.5,-2.0,13.0,100.7,104.3,101.7,3.5,3.8,3.1,3.1,3.4,2.8,86.5,86.8,86.7,87.2
2017-08-01,103.0,102.2,104.0,101.6,101.6,105.9,103.5,112.6,98.5,107.8,107.5,107.5,97.9,95.7,106.1,92.7,10.7,12.6,16.2,-0.3,13.8,100.8,104.4,101.7,3.5,3.7,3.1,3.1,3.3,2.8,90.2,90.63333333333333,91.2,91.93333333333334
2017-09-01,103.0,109.2,105.9,105.4,105.7,102.6,99.0,113.3,103.6,113.6,114.3,112.3,110.6,109.7,111.7,92.6,11.9,11.4,20.8,-0.3,15.2,101.1,104.6,101.9,3.4,3.7,3.1,3.1,3.3,2.8,93.89999999999999,94.46666666666667,95.7,96.66666666666667
2017-10-01,102.7,102.2,105.8,96.4,103.7,102.9,100.2,104.4,102.0,108.7,104.7,103.7,97.8,97.5,107.2,104.3,13.4,14.0,15.5,0.5,18.0,101.2,104.2,102.2,3.4,3.7,3.1,3.0,3.3,2.8,97.6,98.3,100.2,101.4
2017-11-01,102.0,116.6,113.0,107.0,110.7,100.4,104.2,123.6,105.6,121.3,121.7,117.8,118.1,120.5,122.4,107.4,13.3,14.0,15.8,-1.6,16.8,101.4,103.9,102.3,3.4,3.7,3.0,3.0,3.3,2.7,94.53333333333333,94.73333333333333,96.03333333333333,96.56666666666668
2017-12-01,102.7,100.0,100.8,85.9,92.4,103.2,95.2,106.0,85.1,95.7,121.7,95.6,127.9,80.3,100.0,109.5,14.5,16.5,22.2,-1.9,18.9,101.6,103.7,102.5,3.4,3.7,2.9,3.0,3.3,2.6,91.46666666666667,91.16666666666666,91.86666666666667,91.73333333333333
2018-01-01,101.7,100.9,100.9,104.3,98.1,101.3,108.4,123.5,104.3,104.2,102.3,107.0,90.8,100.3,116.8,109.6,14.8,15.2,20.0,-1.6,21.5,102.0,103.8,103.3,3.3,3.7,2.9,2.9,3.3,2.5,88.4,87.6,87.7,86.9
2018-02-01,102.2,99.6,92.8,102.0,94.2,91.5,100.2,116.1,100.7,104.6,102.0,104.0,96.0,99.9,113.4,103.9,12.5,13.1,12.9,-2.9,19.2,102.0,103.7,103.5,3.3,3.7,2.8,2.9,3.3,2.5,93.43333333333334,93.23333333333333,93.66666666666667,93.63333333333334
2018-03-01,103.0,112.0,102.0,110.5,104.1,99.3,105.8,134.3,108.6,114.0,118.0,113.5,113.6,115.6,119.5,110.3,10.8,11.7,10.2,-1.6,15.7,102.1,104.1,103.7,3.3,3.7,2.8,2.9,3.2,2.4,98.46666666666667,98.86666666666666,99.63333333333333,100.36666666666666
2018-04-01,103.2,104.6,98.0,99.3,98.8,95.3,100.5,119.4,104.8,110.2,102.6,105.4,100.8,108.3,114.5,94.1,12.2,13.7,7.6,-2.2,17.4,102.5,104.1,103.9,3.2,3.6,2.7,2.8,3.2,2.4,103.5,104.5,105.6,107.1
2018-05-01,104.3,103.7,102.6,101.1,98.0,100.4,104.0,131.6,103.8,108.7,104.2,103.5,99.9,100.7,110.6,90.4,11.5,11.6,13.9,-2.4,19.9,103.0,104.3,104.3,3.2,3.6,2.7,2.8,3.2,2.4,98.83333333333333,99.53333333333333,100.26666666666667,101.39999999999999
2018-06-01,104.4,112.1,102.3,105.7,101.8,98.5,102.7,141.8,107.2,116.9,117.0,113.2,115.1,110.3,119.4,89.5,11.9,12.3,7.6,-2.1,18.2,103.4,104.5,104.7,3.2,3.6,2.7,2.8,3.2,2.4,94.16666666666667,94.56666666666666,94.93333333333332,95.7
2018-07-01,105.2,104.9,100.6,100.8,99.0,103.3,104.8,142.5,101.5,111.3,108.7,107.8,104.0,95.9,113.3,93.6,10.4,11.1,11.9,0.4,17.1,103.6,104.6,104.7,3.2,3.6,2.7,2.8,3.1,2.4,89.5,89.6,89.6,90.0
2018-08-01,105.2,101.5,105.1,95.1,101.0,99.2,100.3,144.7,95.8,109.9,109.8,107.9,101.2,81.9,113.0,96.9,9.6,9.7,6.3,2.1,16.0,103.9,104.7,104.9,3.2,3.5,2.7,2.8,3.1,2.4,92.96666666666667,93.3,93.7,94.4
2018-09-01,105.3,104.9,100.3,98.5,100.9,93.2,90.3,141.1,101.7,108.0,114.2,107.5,106.6,96.6,116.9,92.9,9.1,11.0,8.8,4.6,16.0,104.5,104.8,104.9,3.1,3.5,2.7,2.8,3.1,2.4,96.43333333333334,97.0,97.8,98.8
2018-10-01,105.4,110.3,110.0,101.9,108.3,90.0,96.8,121.3,106.1,117.2,114.0,114.7,110.7,103.3,125.8,101.7,6.8,10.7,3.2,6.6,10.2,104.8,104.6,105.0,3.1,3.5,2.7,2.8,3.0,2.5,99.9,100.7,101.9,103.2
2018-11-01,104.2,111.6,111.0,100.4,107.0,92.4,94.2,112.7,104.1,117.8,120.7,113.6,115.5,106.6,132.2,103.3,6.7,10.0,10.2,6.1,10.3,104.9,104.5,105.1,3.1,3.4,2.7,2.7,3.0,2.5,96.76666666666667,97.0,97.73333333333333,98.3
2018-12-01,104.4,93.4,95.1,75.1,84.9,98.5,85.8,95.5,78.1,89.3,112.4,86.9,119.3,74.2,103.1,105.2,3.9,8.9,6.8,5.8,6.2,104.5,104.4,104.9,3.1,3.4,2.7,2.7,3.0,2.4,93.63333333333334,93.3,93.56666666666668,93.4
2019-01-01,103.4,98.4,101.1,106.0,95.4,99.6,105.7,110.9,102.8,104.8,105.8,102.2,90.7,89.8,122.4,115.4,2.4,3.8,-6.1,6.8,4.3,104.9,104.5,105.2,3.0,3.4,2.7,2.7,3.0,2.4,90.5,89.6,89.4,88.5
2019-02-01,103.9,100.3,94.5,98.8,93.2,95.2,99.0,103.1,97.9,105.5,105.7,100.5,98.0,100.2,124.4,99.8,0.5,2.9,4.7,8.0,2.8,104.9,104.6,105.1,3.0,3.3,2.7,2.7,2.9,2.4,96.26666666666667,95.96666666666667,96.03333333333333,95.86666666666666
2019-03-01,104.4,108.8,102.9,103.7,100.8,95.1,102.5,116.9,104.3,113.9,124.0,108.0,111.7,103.5,127.9,105.0,-2.4,-2.5,1.0,9.4,1.0,104.7,104.7,105.3,3.0,3.3,2.6,2.6,2.9,2.4,102.03333333333333,102.33333333333333,102.66666666666667,103.23333333333333
2019-04-01,105.4,102.1,103.3,101.8,97.0,89.1,99.1,100.6,98.0,108.5,108.2,99.4,99.9,97.7,124.2,91.0,-5.3,-3.9,-4.7,12.1,-2.8,105.2,105.8,105.4,2.9,3.2,2.6,2.6,2.8,2.3,107.8,108.7,109.3,110.6
2019-05-01,105.7,106.7,103.2,102.4,99.2,92.2,99.6,116.2,102.2,110.9,114.1,104.2,104.4,106.8,129.0,86.7,-5.1,-5.7,-4.0,10.7,-8.2,105.1,106.1,105.2,2.9,3.2,2.5,2.6,2.8,2.3,102.46666666666667,103.03333333333333,103.56666666666666,104.5
2019-06-01,106.0,97.2,93.9,88.9,90.3,87.6,93.1,104.8,94.0,100.2,109.2,92.9,100.8,90.4,113.1,78.8,-8.8,-8.8,3.2,11.5,-12.3,104.8,106.5,105.0,2.9,3.2,2.5,2.5,2.8,2.2,97.13333333333333,97.36666666666667,97.83333333333333,98.39999999999999
2019-07-01,106.4,105.8,104.8,105.7,99.7,97.1,101.2,112.7,97.6,111.4,114.3,104.4,106.2,99.4,126.2,82.6,-12.0,-13.2,-25.5,13.8,-17.2,104.9,106.4,104.8,2.9,3.2,2.4,2.5,2.8,2.2,91.8,91.7,92.1,92.3
2019-08-01,106.3,94.6,102.4,90.6,94.3,101.5,94.5,98.7,89.5,99.3,110.7,95.7,93.3,77.1,116.4,80.4,-10.8,-11.6,-3.7,12.4,-17.4,104.5,106.4,104.7,2.9,3.3,2.4,2.5,2.8,2.2,95.53333333333333,95.60000000000001,96.26666666666667,96.63333333333333
2019-09-01,106.2,105.1,104.0,102.7,98.7,91.6,87.9,103.1,97.2,107.9,121.9,104.3,107.3,101.4,130.5,83.1,-15.1,-12.8,-5.3,15.6,-23.3,104.6,106.7,104.6,2.9,3.3,2.5,2.5,2.8,2.2,99.26666666666667,99.5,100.43333333333332,100.96666666666667
2019-10-01,106.3,105.8,110.4,98.5,103.9,97.0,97.8,116.4,96.6,109.9,116.5,105.8,102.3,98.1,130.7,95.0,-14.5,-10.6,-5.1,16.1,-22.0,104.5,106.8,104.3,2.9,3.3,2.5,2.6,2.8,2.2,103.0,103.4,104.6,105.3
2019-11-01,105.4,105.4,108.6,93.9,100.3,89.3,92.5,112.7,90.1,108.2,116.3,103.1,106.5,100.2,139.1,99.0,-14.7,-12.8,-4.0,14.1,-25.3,104.5,107.0,104.0,3.0,3.3,2.6,2.6,2.9,2.3,99.56666666666666,99.60000000000001,100.13333333333333,100.33333333333333
2019-12-01,106.0,90.2,97.6,77.0,84.8,96.6,84.2,89.5,71.0,83.6,113.8,80.3,113.5,68.5,112.7,98.5,-14.6,-14.9,-10.1,14.4,-25.3,104.6,107.8,104.0,3.1,3.4,2.7,2.7,2.9,2.4,96.13333333333334,95.8,95.66666666666667,95.36666666666667
2020-01-01,105.1,95.1,100.5,97.2,93.5,102.4,103.6,109.4,92.7,98.2,106.9,96.8,84.0,87.1,132.2,104.3,-10.6,-15.0,-7.4,10.3,-23.7,105.4,108.1,104.3,3.2,3.5,2.8,2.7,3.0,2.5,92.7,92.0,91.2,90.4
2020-02-01,105.7,98.1,94.2,93.0,92.9,99.0,101.9,115.8,95.3,98.8,106.2,98.1,90.3,96.3,133.0,97.3,-10.6,-17.1,1.6,10.9,-20.5,105.0,108.4,104.1,3.3,3.6,2.9,2.8,3.1,2.5,98.16666666666667,97.93333333333334,97.46666666666667,97.2
2020-03-01,105.8,100.5,107.4,93.1,102.1,97.7,106.6,119.7,94.8,104.9,118.5,101.8,101.8,73.3,137.5,94.1,-17.3,-19.6,-6.0,8.8,-20.4,104.2,108.7,103.8,3.4,3.7,3.0,2.9,3.2,2.6,103.63333333333333,103.86666666666666,103.73333333333333,104.0
2020-04-01,106.2,70.5,91.5,65.8,87.9,82.8,91.3,113.4,69.0,75.3,91.3,78.6,70.4,15.0,100.6,74.5,-35.7,-29.3,-48.2,19.9,-36.0,103.6,108.5,103.5,3.5,3.9,3.2,3.1,3.4,2.7,109.1,109.8,110.0,110.8
2020-05-01,106.2,76.5,90.2,71.4,81.6,90.5,86.0,105.5,69.1,77.8,89.3,80.3,75.4,46.4,102.2,71.8,-29.2,-29.7,-47.4,22.8,-46.3,103.1,107.5,103.1,3.7,4.0,3.3,3.2,3.5,2.9,104.56666666666666,105.0,105.2,105.7
2020-06-01,106.9,91.2,100.0,80.3,88.7,90.5,87.4,112.4,73.1,90.6,101.6,88.2,96.1,78.6,108.5,74.5,-22.1,-26.8,-11.6,22.5,-48.7,103.1,107.3,103.1,3.8,4.1,3.4,3.3,3.6,3.0,100.03333333333333,100.2,100.39999999999999,100.6
2020-07-01,106.4,94.9,101.6,90.8,94.3,95.4,96.2,113.7,77.2,93.7,101.7,93.7,89.2,88.7,107.5,76.4,-15.3,-23.4,5.2,16.0,-43.4,103.3,107.0,103.1,3.8,4.2,3.5,3.3,3.6,3.0,95.5,95.4,95.6,95.5
2020-08-01,106.2,81.8,97.4,77.1,86.4,94.8,90.4,92.5,75.8,85.5,96.7,85.3,75.9,57.6,96.1,81.2,-9.8,-19.1,20.6,11.3,-33.2,103.4,106.9,103.2,3.9,4.2,3.5,3.4,3.6,3.0,97.9,97.86666666666667,98.13333333333333,98.13333333333334
2020-09-01,105.8,100.7,105.1,93.0,100.0,91.9,90.8,118.2,88.0,103.2,110.2,101.5,96.7,94.3,119.5,82.0,-7.4,-16.4,9.3,10.8,-32.0,103.7,106.8,103.4,3.8,4.2,3.5,3.3,3.6,3.0,100.3,100.33333333333333,100.66666666666667,100.76666666666667
2020-10-01,105.8,102.8,108.5,90.7,104.1,96.4,99.6,110.9,92.0,105.1,111.3,103.8,92.6,99.3,122.1,94.9,-3.1,-12.1,24.8,6.2,-22.1,103.8,106.6,103.5,3.8,4.2,3.4,3.3,3.7,3.0,102.7,102.8,103.2,103.4
2020-11-01,104.7,105.7,102.9,90.0,102.4,91.2,97.6,113.7,91.6,108.5,120.7,104.8,99.5,106.5,124.9,95.3,-3.7,-12.6,22.4,3.6,-16.1,103.9,106.6,103.8,3.8,4.2,3.4,3.3,3.7,2.9,99.3,99.3,99.16666666666667,99.2
2020-12-01,105.3,94.0,99.3,73.6,91.3,89.7,94.9,100.4,74.6,89.8,119.0,88.5,108.1,76.5,106.0,96.3,-0.9,-9.9,10.1,1.1,-9.6,104.6,106.4,104.1,3.8,4.2,3.4,3.4,3.7,2.9,95.9,95.8,95.13333333333333,95.0
2021-01-01,106.8,85.8,88.8,83.5,84.8,91.6,105.1,100.7,89.2,89.6,100.6,90.4,76.3,70.8,108.3,100.6,1.1,-9.0,11.0,1.9,-6.3,105.8,106.6,105.4,3.9,4.2,3.4,3.4,3.8,3.0,92.5,92.3,91.1,90.8
2021-02-01,107.4,93.9,88.4,84.1,89.9,81.0,99.2,106.4,91.1,99.3,110.4,100.5,88.8,84.8,120.8,89.8,6.5,-4.8,8.8,-2.0,-2.5,106.5,106.7,106.3,3.9,4.2,3.5,3.4,3.8,3.0,97.7,97.8,96.73333333333333,96.73333333333333
2021-03-01,107.9,112.2,110.3,101.6,107.0,91.5,111.6,131.4,106.2,117.9,130.3,117.4,109.9,99.9,136.1,96.8,12.4,-1.6,18.9,-6.4,5.8,107.3,107.6,107.6,3.9,4.2,3.4,3.4,3.8,3.0,102.89999999999999,103.3,102.36666666666666,102.66666666666666
2021-04-01,108.4,97.2,91.0,88.8,95.0,92.3,101.9,105.3,94.1,104.6,114.0,102.7,94.9,82.0,117.8,89.6,15.1,2.1,22.6,-8.6,11.8,108.2,108.1,109.4,3.8,4.1,3.4,3.4,3.7,3.0,108.1,108.8,108.0,108.6
2021-05-01,108.7,93.0,94.7,84.8,92.8,92.8,103.3,114.2,94.9,98.9,110.8,99.1,90.3,68.8,109.2,82.7,15.9,2.8,11.0,-8.6,16.9,109.7,108.2,111.7,3.7,4.0,3.3,3.3,3.6,2.9,104.63333333333333,105.03333333333333,104.46666666666667,104.8
2021-06-01,109.1,101.7,105.0,92.9,102.6,87.2,100.4,123.5,96.9,110.5,122.1,110.3,102.3,74.8,120.7,78.8,19.8,7.5,14.3,-9.3,23.7,110.9,108.9,113.3,3.6,3.9,3.2,3.2,3.6,2.9,101.16666666666667,101.26666666666667,100.93333333333334,101.0
2021-07-01,109.7,97.4,99.8,91.7,98.3,94.6,100.3,122.0,89.7,104.9,114.4,104.8,97.3,73.0,114.1,78.2,22.1,14.9,17.8,-14.9,26.4,113.0,109.0,115.9,3.5,3.8,3.1,3.1,3.5,2.8,97.7,97.5,97.4,97.2
2021-08-01,109.8,86.9,99.9,86.9,91.8,102.0,99.0,112.7,79.2,96.0,111.8,99.0,86.5,46.0,100.5,80.3,23.1,14.5,8.5,-15.3,25.4,114.7,109.2,117.6,3.4,3.8,3.1,3.1,3.4,2.7,100.60000000000001,100.36666666666666,100.43333333333334,100.2
2021-09-01,110.1,99.6,106.1,97.0,100.3,94.6,97.0,126.9,91.4,108.0,120.7,110.9,101.8,67.5,123.8,85.4,24.2,14.3,5.0,-13.6,27.9,117.5,109.3,118.5,3.4,3.8,3.0,3.1,3.4,2.7,103.5,103.23333333333333,103.46666666666667,103.2
2021-10-01,110.7,97.8,106.0,92.6,99.9,104.4,98.2,119.8,91.1,103.8,116.0,103.8,95.1,72.2,127.4,93.7,21.5,15.3,10.2,-13.7,25.6,122.0,109.8,119.8,3.4,3.8,3.0,3.1,3.4,2.7,106.4,106.1,106.5,106.2
2021-11-01,111.0,104.8,109.4,91.8,101.6,98.4,100.1,128.8,90.9,110.8,123.8,108.2,103.7,85.9,130.9,96.0,20.6,15.6,4.2,-11.7,26.9,123.1,110.5,121.0,3.4,3.8,2.9,3.1,3.4,2.7,103.23333333333333,102.46666666666667,102.86666666666666,101.9
2021-12-01,111.3,95.2,100.0,75.9,89.4,100.8,96.3,111.4,76.3,89.5,126.5,96.1,112.0,69.3,107.6,99.3,23.5,18.6,12.8,-15.2,29.1,129.3,111.3,122.0,3.4,3.7,2.9,3.1,3.4,2.7,100.06666666666668,98.83333333333333,99.23333333333333,97.6
2022-01-01,112.3,88.5,92.7,91.3,88.7,101.4,103.4,110.9,90.1,93.4,107.5,95.3,79.5,68.2,118.3,102.0,22.6,19.4,10.8,-13.4,28.5,132.1,113.7,125.9,3.3,3.7,2.9,3.0,3.3,2.7,96.9,95.2,95.6,93.3
2022-02-01,113.3,94.9,91.3,89.9,89.7,89.9,98.9,123.4,90.4,101.0,114.8,103.6,89.7,79.5,125.3,98.6,22.2,21.6,6.4,-13.8,27.9,133.8,114.6,127.6,3.2,3.6,2.9,3.0,3.2,2.6,103.83333333333334,102.56666666666666,102.7,100.96666666666667
2022-03-01,116.1,106.8,110.5,100.4,103.6,100.5,106.4,145.9,98.0,114.6,135.0,117.0,106.6,76.1,141.8,96.1,15.1,9.5,2.7,-13.4,29.1,140.2,117.6,131.4,3.2,3.5,2.8,2.9,3.1,2.6,110.76666666666667,109.93333333333334,109.8,108.63333333333333
2022-04-01,116.9,90.4,93.1,83.9,88.4,106.5,94.1,109.3,87.7,97.1,112.2,98.0,86.2,68.1,115.2,90.0,15.5,6.1,-5.4,-12.1,29.5,144.0,121.8,136.4,3.1,3.4,2.8,2.8,3.1,2.6,117.7,117.3,116.9,116.3
2022-05-01,118.2,98.9,101.7,93.4,93.1,100.3,94.2,116.3,91.6,106.0,122.8,110.0,96.2,78.6,127.4,82.2,14.0,9.6,0.1,-11.6,20.4,146.5,123.3,138.9,3.1,3.4,2.8,2.8,3.0,2.6,112.03333333333333,111.2,110.83333333333334,109.83333333333333
2022-06-01,118.1,98.7,102.0,92.4,90.2,104.3,90.3,114.5,90.4,102.3,124.8,107.5,101.1,79.7,121.6,77.1,15.0,8.1,7.7,-8.5,22.9,147.7,124.3,139.4,3.1,3.4,2.8,2.8,3.0,2.6,106.36666666666667,105.1,104.76666666666667,103.36666666666667
2022-07-01,119.0,92.5,95.9,87.2,84.3,107.0,89.4,109.8,84.6,97.0,117.2,105.4,91.2,71.6,113.1,81.5,11.1,7.5,-0.6,-7.1,22.3,156.0,125.8,139.5,3.1,3.4,2.9,2.8,3.0,2.6,100.7,99.0,98.7,96.9
2022-08-01,119.5,91.9,101.9,80.6,85.7,99.2,85.9,115.3,80.3,97.5,123.3,109.2,92.2,62.7,116.0,78.4,8.2,4.7,-7.7,0.0,17.0,168.5,126.8,139.9,3.1,3.4,2.9,2.8,3.1,2.6,106.10000000000001,104.4,104.23333333333333,102.43333333333334
2022-09-01,122.1,105.0,105.2,94.7,92.1,98.2,80.5,137.7,90.0,107.3,138.8,120.7,106.9,92.2,134.3,79.2,4.6,1.6,0.6,3.0,16.4,172.6,128.2,140.3,3.2,3.4,2.9,2.8,3.1,2.6,111.5,109.8,109.76666666666667,107.96666666666667
2022-10-01,123.5,94.2,100.2,81.7,84.9,98.5,76.0,128.5,84.1,99.7,117.2,108.0,92.8,77.5,122.0,80.5,3.4,1.0,-0.6,5.8,14.5,165.3,129.5,140.9,3.1,3.4,2.9,2.8,3.0,2.6,116.9,115.2,115.3,113.5
2022-11-01,123.5,106.0,108.3,89.7,89.3,98.0,80.0,127.3,84.7,108.5,135.3,119.4,108.3,97.7,148.4,86.7,3.7,3.3,-12.7,6.5,12.1,158.8,129.8,140.2,3.1,3.3,2.9,2.8,3.0,2.6,112.36666666666667,110.3,110.43333333333334,108.16666666666667
2022-12-01,122.0,93.7,97.9,72.5,73.4,100.7,69.2,127.4,68.0,86.0,129.7,99.1,116.0,74.0,121.6,89.7,3.2,3.0,1.7,7.6,11.6,158.2,130.5,139.5,3.1,3.3,2.9,2.8,2.9,2.6,107.83333333333333,105.4,105.56666666666666,102.83333333333333
2023-01-01,122.6,91.0,93.3,86.1,78.7,91.2,85.2,117.9,87.3,93.5,115.1,106.4,84.7,80.1,130.5,92.7,4.2,6.1,-2.8,7.6,8.0,154.9,132.9,140.9,3.0,3.2,2.8,2.7,2.9,2.5,103.3,100.5,100.7,97.5
2023-02-01,123.8,94.9,91.2,83.5,77.0,82.9,82.0,112.7,85.8,96.1,118.6,111.5,90.8,92.6,133.1,84.4,1.9,2.8,-1.5,7.9,6.2,152.8,134.0,140.9,3.0,3.2,2.8,2.7,2.9,2.5,109.66666666666667,107.7,107.60000000000001,105.33333333333333
2023-03-01,125.1,110.4,105.2,96.8,89.1,93.9,89.0,133.1,96.1,112.7,148.0,124.9,109.2,106.1,152.7,86.6,-0.5,1.4,-5.7,7.4,3.3,150.4,134.8,140.4,3.0,3.2,2.7,2.7,2.8,2.5,116.03333333333333,114.89999999999999,114.5,113.16666666666667
2023-04-01,125.8,88.9,87.4,77.6,74.1,82.4,76.7,117.9,84.4,92.0,114.5,99.3,86.0,79.2,118.0,73.8,-1.4,-0.4,4.0,7.2,0.5,150.9,135.3,139.6,3.0,3.2,2.7,2.7,2.8,2.5,122.4,122.1,121.4,121.0
2023-05-01,125.6,96.6,97.0,85.4,78.8,74.8,78.5,110.3,88.3,99.4,123.6,108.7,94.8,91.5,132.3,65.2,-5.6,-2.6,-18.0,12.4,-4.5,148.9,135.4,138.4,3.0,3.2,2.7,2.7,2.9,2.5,117.23333333333333,116.43333333333332,115.93333333333334,115.03333333333333
2023-06-01,126.1,102.3,102.3,89.4,81.1,88.8,80.5,128.3,86.9,104.9,137.5,113.4,105.1,92.5,142.7,60.4,-8.8,-4.4,-6.0,13.5,-10.1,148.5,135.6,137.4,3.0,3.3,2.7,2.7,2.9,2.5,112.06666666666668,110.76666666666667,110.46666666666667,109.06666666666666
2023-07-01,126.7,91.5,94.6,83.8,75.4,85.5,79.3,119.3,81.5,94.1,120.1,104.0,91.5,75.0,127.3,63.5,-13.6,-8.3,-11.0,16.8,-16.0,147.0,135.6,136.1,3.1,3.3,2.8,2.7,2.9,2.5,106.9,105.1,105.0,103.1
2023-08-01,127.2,91.3,99.2,77.3,76.4,92.9,79.7,119.5,79.5,96.5,126.7,109.4,88.9,70.2,126.8,59.4,-15.6,-7.9,-19.6,18.0,-22.2,147.5,135.2,135.3,3.1,3.3,2.8,2.8,3.0,2.6,111.53333333333333,109.63333333333333,110.13333333333334,108.13333333333333
2023-09-01,127.4,97.8,98.8,81.3,79.5,85.9,74.8,113.3,83.0,99.0,131.8,109.8,102.5,87.8,143.7,59.2,-13.7,-10.6,-8.3,17.6,-18.8,147.2,134.9,135.0,3.1,3.4,2.8,2.8,3.0,2.6,116.16666666666667,114.16666666666667,115.26666666666667,113.16666666666667
2023-10-01,127.2,94.6,100.2,80.1,81.2,84.2,76.7,114.8,83.1,97.3,126.7,104.0,90.7,84.3,140.0,72.7,-14.9,-14.7,-13.7,16.0,-21.9,147.0,134.6,134.6,3.1,3.4,2.9,2.8,3.0,2.6,120.8,118.7,120.4,118.2
2023-11-01,126.3,101.3,102.8,85.4,83.5,82.8,80.7,118.4,83.2,101.8,131.3,106.6,102.1,96.1,148.5,80.6,-15.4,-10.8,-12.7,16.2,-22.7,146.2,134.6,134.3,3.2,3.4,2.9,2.8,3.0,2.6,117.53333333333333,115.23333333333333,116.36666666666667,113.86666666666667
2023-12-01,126.6,86.5,91.1,67.2,67.9,85.2,69.6,103.6,62.7,79.4,123.7,82.3,104.8,71.8,130.0,85.7,-14.3,-11.6,-5.3,13.8,-24.0,144.4,134.7,134.1,3.2,3.4,2.9,2.9,3.0,2.7,114.26666666666667,111.76666666666667,112.33333333333333,109.53333333333333
2024-01-01,126.4,,,,,,,,,,,,,,,,-16.2,-9.8,-10.4,12.9,-26.1,,,,3.2,3.4,3.0,2.9,3.1,2.7,111.0,108.3,108.3,105.2
2024-02-01,127.2,,,,,,,,,,,,,,,,-18.3,-12.2,-10.3,16.6,-27.9,,,,3.2,3.5,3.0,2.9,3.1,2.7,116.63333333333334,114.6,114.16666666666667,111.83333333333333
2024-03-01,128.0,,,,,,,,,,,,,,,,-16.9,-9.0,-10.4,13.7,-26.5,,,,3.3,3.5,3.0,2.9,3.1,2.7,122.26666666666667,120.9,120.03333333333333,118.46666666666667
2024-04-01,128.8,,,,,,,,,,,,,,,,-18.4,-12.5,-21.9,14.5,-32.8,,,,3.3,3.6,3.1,3.0,3.2,2.8,127.9,127.2,125.9,125.1
2024-05-01,129.1,,,,,,,,,,,,,,,,-18.1,-12.2,-4.5,15.2,-31.6,,,,3.4,3.6,3.2,3.0,3.2,2.8,122.33333333333334,121.2,120.16666666666667,118.89999999999999
2024-06-01,129.3,,,,,,,,,,,,,,,,-17.2,-10.2,-18.7,15.5,-28.6,,,,3.4,3.6,3.2,3.1,3.2,2.9,116.76666666666667,115.2,114.43333333333334,112.7
2024-07-01,130.0,,,,,,,,,,,,,,,,-18.9,-11.2,-14.7,16.8,-32.8,,,,3.4,3.6,3.2,3.1,3.2,2.9,111.2,109.2,108.7,106.5
2024-08-01,129.8,,,,,,,,,,,,,,,,-20.1,-14.5,-14.9,17.3,-37.0,,,,3.4,3.6,3.2,3.1,3.2,2.9,115.9,114.16666666666667,114.13333333333334,112.23333333333333
2024-09-01,129.7,,,,,,,,,,,,,,,,-22.7,-18.5,-15.3,19.0,-38.5,,,,3.4,3.6,3.2,3.0,3.2,2.9,120.6,119.13333333333333,119.56666666666666,117.96666666666667
2024-10-01,130.2,,,,,,,,,,,,,,,,-23.3,,-19.2,19.6,-40.9,,,,3.4,3.6,3.2,3.0,3.2,2.9,125.3,124.1,125.0,123.7
2024-11-01,129.3,,,,,,,,,,,,,,,,-22.6,,-10.6,21.3,-38.5,,,,3.4,3.6,3.2,3.0,3.2,2.9,121.5,119.89999999999999,119.66666666666667,117.86666666666667
2024-12-01,130.2,,,,,,,,,,,,,,,,-28.6,,-19.3,24.3,-44.3,,,,3.5,3.7,3.2,3.1,3.3,2.9,117.7,115.7,114.33333333333333,112.03333333333333
2025-01-01,129.9,,,,,,,,,,,,,,,,-25.3,,-16.9,20.6,-44.6,,,,3.5,3.7,3.2,3.1,3.3,2.9,113.9,111.5,109.0,106.2
2025-02-01,130.5,,,,,,,,,,,,,,,,-23.1,,-8.0,20.5,-42.1,,,,3.6,3.8,3.3,3.2,3.4,2.9,120.9,119.13333333333334,116.5,114.4
2025-03-01,131.0,,,,,,,,,,,,,,,,-21.0,,-10.3,17.2,-40.6,,,,3.6,3.9,3.3,3.3,3.5,3.0,127.9,126.76666666666667,124.0,122.60000000000001
2025-04-01,131.6,,,,,,,,,,,,,,,,-19.5,,-8.7,14.2,-38.0,,,,3.7,4.0,3.3,3.3,3.6,3.0,134.9,134.4,131.5,130.8
2025-05-01,131.8,,,,,,,,,,,,,,,,-17.5,,-4.9,14.1,-36.5,,,,3.7,4.0,3.3,3.4,3.7,3.0,128.26666666666668,127.23333333333333,125.03333333333333,123.76666666666668
2025-06-01,131.9,,,,,,,,,,,,,,,,-20.5,,-9.0,15.9,-42.7,,,,3.7,4.1,3.4,3.4,3.7,3.0,121.63333333333334,120.06666666666668,118.56666666666666,116.73333333333333
2025-07-01,132.4,,,,,,,,,,,,,,,,-18.0,,-10.4,17.3,-39.5,,,,3.8,4.1,3.4,3.4,3.7,3.0,115.0,112.9,112.1,109.7
2025-08-01,132.5,,,,,,,,,,,,,,,,-19.4,,2.0,16.7,-38.1,,,,3.8,4.2,3.4,3.4,3.8,3.1,119.16666666666667,117.23333333333333,116.7,114.53333333333333
2025-09-01,132.8,,,,,,,,,,,,,,,,-20.1,,-9.1,19.5,-42.0,,,,3.9,4.2,3.5,3.5,3.8,3.1,123.33333333333333,121.56666666666668,121.3,119.36666666666667
2025-10-01,133.2,,,,,,,,,,,,,,,,-18.1,,2.1,17.5,-38.8,,,,3.9,4.2,3.5,3.5,3.8,3.2,127.5,125.9,125.9,124.2
2025-11-01,132.6,,,,,,,,,,,,,,,,-18.8,,-1.2,17.0,-36.9,,,,3.9,4.3,3.6,3.6,3.8,3.2,,,,
2025-12-01,132.8,,,,,,,,,,,,,,,,-20.7,,-9.4,17.5,-40.9,,,,4.0,4.3,3.6,3.6,3.9,3.3,,,,
2026-01-01,,,,,,,,,,,,,,,,,-17.4,,-6.9,13.7,-35.8,,,,4.0,4.3,3.7,3.6,3.9,3.3,,,,
2026-02-01,,,,,,,,,,,,,,,,,-15.4,,-3.6,15.2,-32.4,,,,4.0,4.3,3.7,3.6,3.8,3.3,,,,
2026-03-01,,,,,,,,,,,,,,,,,-14.7,,-0.8,14.4,-29.2,,,,4.0,4.3,3.7,3.6,3.8,3.3,,,,
2026-04-01,,,,,,,,,,,,,,,,,-14.5,,-1.2,11.9,-27.8,,,,,,,,,,,,,
